INSERT INTO editions (id, annee, date_finale, lieu, statut, description)
VALUES
('11111111-0000-4000-8000-000000000001', 2026, '2026-06-05', 'Gymnase Mermoz de Yutz', 'en_cours', 'Édition 2026 du tournoi TechnoBot')
ON CONFLICT (id) DO NOTHING;

INSERT INTO etablissements (id, nom, ville, type)
VALUES
('22222222-0000-4000-8000-000000000001', 'Collège Robert Schuman', 'Hombourg-Haut', 'college'),
('22222222-0000-4000-8000-000000000002', 'Collège Jean Mermoz', 'Yutz', 'college'),
('22222222-0000-4000-8000-000000000003', 'Collège Jean-Baptiste Éblé', 'Puttelange aux Lacs', 'college'),
('22222222-0000-4000-8000-000000000004', 'Collège Saint Pierre Chanel', 'Thionville', 'college'),
('22222222-0000-4000-8000-000000000005', 'Collège Charles De Gaulle', 'Fameck', 'college'),
('22222222-0000-4000-8000-000000000006', 'Collège Paul Emile Victor', 'Corcieux', 'college'),
('22222222-0000-4000-8000-000000000007', 'Collège Guy Dolmaire', 'Mirecourt', 'college'),
('22222222-0000-4000-8000-000000000008', 'Collège Emilie du Châtelet', 'Vaubecourt', 'college'),
('22222222-0000-4000-8000-000000000009', 'Collège Saint Vincent de Paul', 'Algrange', 'college'),
('22222222-0000-4000-8000-000000000010', 'Collège Lionel TERRAY', 'Aumetz', 'college'),
('22222222-0000-4000-8000-000000000011', 'Collège Fulrad', 'Sarreguemines', 'college'),
('22222222-0000-4000-8000-000000000012', 'Collège Fictif de Lorraine', 'Metz', 'college'),
('22222222-0000-4000-8000-000000000101', 'Lycée Mermoz', 'Saint-Louis', 'lycee'),
('22222222-0000-4000-8000-000000000102', 'Lycée La Briquerie', 'Thionville', 'lycee'),
('22222222-0000-4000-8000-000000000103', 'HTL Innsbrück', 'Innsbrück (Allemagne)', 'lycee'),
('22222222-0000-4000-8000-000000000104', 'Lycée Julie Daubié', 'Rombas', 'lycee')
ON CONFLICT (id) DO NOTHING;

INSERT INTO profiles (id, auth_user_id, email, nom, prenom, role, etablissement_id)
VALUES
('33333333-0000-4000-8000-000000000001', NULL, 'admin@technobot.fr', 'Admin', 'Super', 'admin', NULL),
('33333333-0000-4000-8000-000000000002', NULL, 'organisateur1@technobot.fr', 'Orga', 'Un', 'organisateur', NULL),
('33333333-0000-4000-8000-000000000003', NULL, 'organisateur2@technobot.fr', 'Orga', 'Deux', 'organisateur', NULL),
('33333333-0000-4000-8000-000000000004', NULL, 'jury1@technobot.fr', 'Jury', '1', 'jury', NULL),
('33333333-0000-4000-8000-000000000005', NULL, 'jury2@technobot.fr', 'Jury', '2', 'jury', NULL),
('33333333-0000-4000-8000-000000000006', NULL, 'jury3@technobot.fr', 'Jury', '3', 'jury', NULL),
('33333333-0000-4000-8000-000000000007', NULL, 'jury4@technobot.fr', 'Jury', '4', 'jury', NULL),
('33333333-0000-4000-8000-000000000008', NULL, 'enseignant1.000000000001@technobot.fr', 'Prof', 'Col1', 'enseignant', '22222222-0000-4000-8000-000000000001'),
('33333333-0000-4000-8000-000000000009', NULL, 'enseignant2.000000000001@technobot.fr', 'Prof', 'Col2', 'enseignant', '22222222-0000-4000-8000-000000000001'),
('33333333-0000-4000-8000-000000000010', NULL, 'eleve1.000000000001@technobot.fr', 'Eleve', 'Lucas', 'eleve', '22222222-0000-4000-8000-000000000001'),
('33333333-0000-4000-8000-000000000011', NULL, 'eleve2.000000000001@technobot.fr', 'Eleve', 'Emma', 'eleve', '22222222-0000-4000-8000-000000000001'),
('33333333-0000-4000-8000-000000000012', NULL, 'eleve3.000000000001@technobot.fr', 'Eleve', 'Hugo', 'eleve', '22222222-0000-4000-8000-000000000001'),
('33333333-0000-4000-8000-000000000013', NULL, 'enseignant1.000000000002@technobot.fr', 'Prof', 'Col1', 'enseignant', '22222222-0000-4000-8000-000000000002'),
('33333333-0000-4000-8000-000000000014', NULL, 'enseignant2.000000000002@technobot.fr', 'Prof', 'Col2', 'enseignant', '22222222-0000-4000-8000-000000000002'),
('33333333-0000-4000-8000-000000000015', NULL, 'eleve1.000000000002@technobot.fr', 'Eleve', 'Chloé', 'eleve', '22222222-0000-4000-8000-000000000002'),
('33333333-0000-4000-8000-000000000016', NULL, 'eleve2.000000000002@technobot.fr', 'Eleve', 'Arthur', 'eleve', '22222222-0000-4000-8000-000000000002'),
('33333333-0000-4000-8000-000000000017', NULL, 'eleve3.000000000002@technobot.fr', 'Eleve', 'Léa', 'eleve', '22222222-0000-4000-8000-000000000002'),
('33333333-0000-4000-8000-000000000018', NULL, 'enseignant1.000000000003@technobot.fr', 'Prof', 'Col1', 'enseignant', '22222222-0000-4000-8000-000000000003'),
('33333333-0000-4000-8000-000000000019', NULL, 'enseignant2.000000000003@technobot.fr', 'Prof', 'Col2', 'enseignant', '22222222-0000-4000-8000-000000000003'),
('33333333-0000-4000-8000-000000000020', NULL, 'eleve1.000000000003@technobot.fr', 'Eleve', 'Louis', 'eleve', '22222222-0000-4000-8000-000000000003'),
('33333333-0000-4000-8000-000000000021', NULL, 'eleve2.000000000003@technobot.fr', 'Eleve', 'Manon', 'eleve', '22222222-0000-4000-8000-000000000003'),
('33333333-0000-4000-8000-000000000022', NULL, 'eleve3.000000000003@technobot.fr', 'Eleve', 'Jules', 'eleve', '22222222-0000-4000-8000-000000000003'),
('33333333-0000-4000-8000-000000000023', NULL, 'enseignant1.000000000004@technobot.fr', 'Prof', 'Col1', 'enseignant', '22222222-0000-4000-8000-000000000004'),
('33333333-0000-4000-8000-000000000024', NULL, 'enseignant2.000000000004@technobot.fr', 'Prof', 'Col2', 'enseignant', '22222222-0000-4000-8000-000000000004'),
('33333333-0000-4000-8000-000000000025', NULL, 'eleve1.000000000004@technobot.fr', 'Eleve', 'Camille', 'eleve', '22222222-0000-4000-8000-000000000004'),
('33333333-0000-4000-8000-000000000026', NULL, 'eleve2.000000000004@technobot.fr', 'Eleve', 'Gabriel', 'eleve', '22222222-0000-4000-8000-000000000004'),
('33333333-0000-4000-8000-000000000027', NULL, 'eleve3.000000000004@technobot.fr', 'Eleve', 'Sarah', 'eleve', '22222222-0000-4000-8000-000000000004'),
('33333333-0000-4000-8000-000000000028', NULL, 'enseignant1.000000000005@technobot.fr', 'Prof', 'Col1', 'enseignant', '22222222-0000-4000-8000-000000000005'),
('33333333-0000-4000-8000-000000000029', NULL, 'enseignant2.000000000005@technobot.fr', 'Prof', 'Col2', 'enseignant', '22222222-0000-4000-8000-000000000005'),
('33333333-0000-4000-8000-000000000030', NULL, 'eleve1.000000000005@technobot.fr', 'Eleve', 'Maël', 'eleve', '22222222-0000-4000-8000-000000000005'),
('33333333-0000-4000-8000-000000000031', NULL, 'eleve2.000000000005@technobot.fr', 'Eleve', 'Clara', 'eleve', '22222222-0000-4000-8000-000000000005'),
('33333333-0000-4000-8000-000000000032', NULL, 'eleve3.000000000005@technobot.fr', 'Eleve', 'Mathis', 'eleve', '22222222-0000-4000-8000-000000000005'),
('33333333-0000-4000-8000-000000000033', NULL, 'enseignant1.000000000006@technobot.fr', 'Prof', 'Col1', 'enseignant', '22222222-0000-4000-8000-000000000006'),
('33333333-0000-4000-8000-000000000034', NULL, 'enseignant2.000000000006@technobot.fr', 'Prof', 'Col2', 'enseignant', '22222222-0000-4000-8000-000000000006'),
('33333333-0000-4000-8000-000000000035', NULL, 'eleve1.000000000006@technobot.fr', 'Eleve', 'Inès', 'eleve', '22222222-0000-4000-8000-000000000006'),
('33333333-0000-4000-8000-000000000036', NULL, 'eleve2.000000000006@technobot.fr', 'Eleve', 'Tom', 'eleve', '22222222-0000-4000-8000-000000000006'),
('33333333-0000-4000-8000-000000000037', NULL, 'eleve3.000000000006@technobot.fr', 'Eleve', 'Zoé', 'eleve', '22222222-0000-4000-8000-000000000006'),
('33333333-0000-4000-8000-000000000038', NULL, 'enseignant1.000000000007@technobot.fr', 'Prof', 'Col1', 'enseignant', '22222222-0000-4000-8000-000000000007'),
('33333333-0000-4000-8000-000000000039', NULL, 'enseignant2.000000000007@technobot.fr', 'Prof', 'Col2', 'enseignant', '22222222-0000-4000-8000-000000000007'),
('33333333-0000-4000-8000-000000000040', NULL, 'eleve1.000000000007@technobot.fr', 'Eleve', 'Raphaël', 'eleve', '22222222-0000-4000-8000-000000000007'),
('33333333-0000-4000-8000-000000000041', NULL, 'eleve2.000000000007@technobot.fr', 'Eleve', 'Lola', 'eleve', '22222222-0000-4000-8000-000000000007'),
('33333333-0000-4000-8000-000000000042', NULL, 'eleve3.000000000007@technobot.fr', 'Eleve', 'Lucas', 'eleve', '22222222-0000-4000-8000-000000000007'),
('33333333-0000-4000-8000-000000000043', NULL, 'enseignant1.000000000008@technobot.fr', 'Prof', 'Col1', 'enseignant', '22222222-0000-4000-8000-000000000008'),
('33333333-0000-4000-8000-000000000044', NULL, 'enseignant2.000000000008@technobot.fr', 'Prof', 'Col2', 'enseignant', '22222222-0000-4000-8000-000000000008'),
('33333333-0000-4000-8000-000000000045', NULL, 'eleve1.000000000008@technobot.fr', 'Eleve', 'Emma', 'eleve', '22222222-0000-4000-8000-000000000008'),
('33333333-0000-4000-8000-000000000046', NULL, 'eleve2.000000000008@technobot.fr', 'Eleve', 'Hugo', 'eleve', '22222222-0000-4000-8000-000000000008'),
('33333333-0000-4000-8000-000000000047', NULL, 'eleve3.000000000008@technobot.fr', 'Eleve', 'Chloé', 'eleve', '22222222-0000-4000-8000-000000000008'),
('33333333-0000-4000-8000-000000000048', NULL, 'enseignant1.000000000009@technobot.fr', 'Prof', 'Col1', 'enseignant', '22222222-0000-4000-8000-000000000009'),
('33333333-0000-4000-8000-000000000049', NULL, 'enseignant2.000000000009@technobot.fr', 'Prof', 'Col2', 'enseignant', '22222222-0000-4000-8000-000000000009'),
('33333333-0000-4000-8000-000000000050', NULL, 'eleve1.000000000009@technobot.fr', 'Eleve', 'Arthur', 'eleve', '22222222-0000-4000-8000-000000000009'),
('33333333-0000-4000-8000-000000000051', NULL, 'eleve2.000000000009@technobot.fr', 'Eleve', 'Léa', 'eleve', '22222222-0000-4000-8000-000000000009'),
('33333333-0000-4000-8000-000000000052', NULL, 'eleve3.000000000009@technobot.fr', 'Eleve', 'Louis', 'eleve', '22222222-0000-4000-8000-000000000009'),
('33333333-0000-4000-8000-000000000053', NULL, 'enseignant1.000000000010@technobot.fr', 'Prof', 'Col1', 'enseignant', '22222222-0000-4000-8000-000000000010'),
('33333333-0000-4000-8000-000000000054', NULL, 'enseignant2.000000000010@technobot.fr', 'Prof', 'Col2', 'enseignant', '22222222-0000-4000-8000-000000000010'),
('33333333-0000-4000-8000-000000000055', NULL, 'eleve1.000000000010@technobot.fr', 'Eleve', 'Manon', 'eleve', '22222222-0000-4000-8000-000000000010'),
('33333333-0000-4000-8000-000000000056', NULL, 'eleve2.000000000010@technobot.fr', 'Eleve', 'Jules', 'eleve', '22222222-0000-4000-8000-000000000010'),
('33333333-0000-4000-8000-000000000057', NULL, 'eleve3.000000000010@technobot.fr', 'Eleve', 'Camille', 'eleve', '22222222-0000-4000-8000-000000000010'),
('33333333-0000-4000-8000-000000000058', NULL, 'enseignant1.000000000011@technobot.fr', 'Prof', 'Col1', 'enseignant', '22222222-0000-4000-8000-000000000011'),
('33333333-0000-4000-8000-000000000059', NULL, 'enseignant2.000000000011@technobot.fr', 'Prof', 'Col2', 'enseignant', '22222222-0000-4000-8000-000000000011'),
('33333333-0000-4000-8000-000000000060', NULL, 'eleve1.000000000011@technobot.fr', 'Eleve', 'Gabriel', 'eleve', '22222222-0000-4000-8000-000000000011'),
('33333333-0000-4000-8000-000000000061', NULL, 'eleve2.000000000011@technobot.fr', 'Eleve', 'Sarah', 'eleve', '22222222-0000-4000-8000-000000000011'),
('33333333-0000-4000-8000-000000000062', NULL, 'eleve3.000000000011@technobot.fr', 'Eleve', 'Maël', 'eleve', '22222222-0000-4000-8000-000000000011'),
('33333333-0000-4000-8000-000000000063', NULL, 'enseignant1.000000000012@technobot.fr', 'Prof', 'Col1', 'enseignant', '22222222-0000-4000-8000-000000000012'),
('33333333-0000-4000-8000-000000000064', NULL, 'enseignant2.000000000012@technobot.fr', 'Prof', 'Col2', 'enseignant', '22222222-0000-4000-8000-000000000012'),
('33333333-0000-4000-8000-000000000065', NULL, 'eleve1.000000000012@technobot.fr', 'Eleve', 'Clara', 'eleve', '22222222-0000-4000-8000-000000000012'),
('33333333-0000-4000-8000-000000000066', NULL, 'eleve2.000000000012@technobot.fr', 'Eleve', 'Mathis', 'eleve', '22222222-0000-4000-8000-000000000012'),
('33333333-0000-4000-8000-000000000067', NULL, 'eleve3.000000000012@technobot.fr', 'Eleve', 'Inès', 'eleve', '22222222-0000-4000-8000-000000000012'),
('33333333-0000-4000-8000-000000000068', NULL, 'enseignant1.000000000101@technobot.fr', 'Prof', 'Lyc1', 'enseignant', '22222222-0000-4000-8000-000000000101'),
('33333333-0000-4000-8000-000000000069', NULL, 'enseignant2.000000000101@technobot.fr', 'Prof', 'Lyc2', 'enseignant', '22222222-0000-4000-8000-000000000101'),
('33333333-0000-4000-8000-000000000070', NULL, 'eleve1.000000000101@technobot.fr', 'Eleve', 'Tom', 'eleve', '22222222-0000-4000-8000-000000000101'),
('33333333-0000-4000-8000-000000000071', NULL, 'eleve2.000000000101@technobot.fr', 'Eleve', 'Zoé', 'eleve', '22222222-0000-4000-8000-000000000101'),
('33333333-0000-4000-8000-000000000072', NULL, 'eleve3.000000000101@technobot.fr', 'Eleve', 'Raphaël', 'eleve', '22222222-0000-4000-8000-000000000101'),
('33333333-0000-4000-8000-000000000073', NULL, 'eleve4.000000000101@technobot.fr', 'Eleve', 'Lola', 'eleve', '22222222-0000-4000-8000-000000000101'),
('33333333-0000-4000-8000-000000000074', NULL, 'eleve5.000000000101@technobot.fr', 'Eleve', 'Lucas', 'eleve', '22222222-0000-4000-8000-000000000101'),
('33333333-0000-4000-8000-000000000075', NULL, 'enseignant1.000000000102@technobot.fr', 'Prof', 'Lyc1', 'enseignant', '22222222-0000-4000-8000-000000000102'),
('33333333-0000-4000-8000-000000000076', NULL, 'enseignant2.000000000102@technobot.fr', 'Prof', 'Lyc2', 'enseignant', '22222222-0000-4000-8000-000000000102'),
('33333333-0000-4000-8000-000000000077', NULL, 'eleve1.000000000102@technobot.fr', 'Eleve', 'Emma', 'eleve', '22222222-0000-4000-8000-000000000102'),
('33333333-0000-4000-8000-000000000078', NULL, 'eleve2.000000000102@technobot.fr', 'Eleve', 'Hugo', 'eleve', '22222222-0000-4000-8000-000000000102'),
('33333333-0000-4000-8000-000000000079', NULL, 'eleve3.000000000102@technobot.fr', 'Eleve', 'Chloé', 'eleve', '22222222-0000-4000-8000-000000000102'),
('33333333-0000-4000-8000-000000000080', NULL, 'eleve4.000000000102@technobot.fr', 'Eleve', 'Arthur', 'eleve', '22222222-0000-4000-8000-000000000102'),
('33333333-0000-4000-8000-000000000081', NULL, 'eleve5.000000000102@technobot.fr', 'Eleve', 'Léa', 'eleve', '22222222-0000-4000-8000-000000000102'),
('33333333-0000-4000-8000-000000000082', NULL, 'enseignant1.000000000103@technobot.fr', 'Prof', 'HTL1', 'enseignant', '22222222-0000-4000-8000-000000000103'),
('33333333-0000-4000-8000-000000000083', NULL, 'enseignant2.000000000103@technobot.fr', 'Prof', 'HTL2', 'enseignant', '22222222-0000-4000-8000-000000000103'),
('33333333-0000-4000-8000-000000000084', NULL, 'eleve1.000000000103@technobot.fr', 'Eleve', 'Louis', 'eleve', '22222222-0000-4000-8000-000000000103'),
('33333333-0000-4000-8000-000000000085', NULL, 'eleve2.000000000103@technobot.fr', 'Eleve', 'Manon', 'eleve', '22222222-0000-4000-8000-000000000103'),
('33333333-0000-4000-8000-000000000086', NULL, 'eleve3.000000000103@technobot.fr', 'Eleve', 'Jules', 'eleve', '22222222-0000-4000-8000-000000000103'),
('33333333-0000-4000-8000-000000000087', NULL, 'eleve4.000000000103@technobot.fr', 'Eleve', 'Camille', 'eleve', '22222222-0000-4000-8000-000000000103'),
('33333333-0000-4000-8000-000000000088', NULL, 'eleve5.000000000103@technobot.fr', 'Eleve', 'Gabriel', 'eleve', '22222222-0000-4000-8000-000000000103'),
('33333333-0000-4000-8000-000000000089', NULL, 'enseignant1.000000000104@technobot.fr', 'Prof', 'Lyc1', 'enseignant', '22222222-0000-4000-8000-000000000104'),
('33333333-0000-4000-8000-000000000090', NULL, 'enseignant2.000000000104@technobot.fr', 'Prof', 'Lyc2', 'enseignant', '22222222-0000-4000-8000-000000000104'),
('33333333-0000-4000-8000-000000000091', NULL, 'eleve1.000000000104@technobot.fr', 'Eleve', 'Sarah', 'eleve', '22222222-0000-4000-8000-000000000104'),
('33333333-0000-4000-8000-000000000092', NULL, 'eleve2.000000000104@technobot.fr', 'Eleve', 'Maël', 'eleve', '22222222-0000-4000-8000-000000000104'),
('33333333-0000-4000-8000-000000000093', NULL, 'eleve3.000000000104@technobot.fr', 'Eleve', 'Clara', 'eleve', '22222222-0000-4000-8000-000000000104'),
('33333333-0000-4000-8000-000000000094', NULL, 'eleve4.000000000104@technobot.fr', 'Eleve', 'Mathis', 'eleve', '22222222-0000-4000-8000-000000000104'),
('33333333-0000-4000-8000-000000000095', NULL, 'eleve5.000000000104@technobot.fr', 'Eleve', 'Inès', 'eleve', '22222222-0000-4000-8000-000000000104')
ON CONFLICT (id) DO NOTHING;

INSERT INTO epreuves (id, edition_id, nom, type, categorie)
VALUES
('44444444-0000-4000-8000-000000000001', '11111111-0000-4000-8000-000000000001', 'Design', 'design', 'college'),
('44444444-0000-4000-8000-000000000002', '11111111-0000-4000-8000-000000000001', 'Présentation Projet Collèges', 'presentation', 'college'),
('44444444-0000-4000-8000-000000000003', '11111111-0000-4000-8000-000000000001', 'Suivi de Ligne', 'suivi_ligne', 'college'),
('44444444-0000-4000-8000-000000000004', '11111111-0000-4000-8000-000000000001', 'Formule Robot', 'formule_robot', 'college'),
('44444444-0000-4000-8000-000000000005', '11111111-0000-4000-8000-000000000001', 'Sumo Lycées', 'sumo', 'lycee'),
('44444444-0000-4000-8000-000000000006', '11111111-0000-4000-8000-000000000001', 'Présentation Projet Lycées', 'presentation', 'lycee')
ON CONFLICT (id) DO NOTHING;

INSERT INTO teams (id, edition_id, etablissement_id, immatriculation, nom_robot, categorie, epreuve, statut)
VALUES
('55555555-0000-4000-8000-000000000001', '11111111-0000-4000-8000-000000000001', '22222222-0000-4000-8000-000000000001', 'DE01', 'Méga-Bolt DE', 'college', 'design', 'controle_technique_ok'),
('55555555-0000-4000-8000-000000000021', '11111111-0000-4000-8000-000000000001', '22222222-0000-4000-8000-000000000001', 'PP01', 'Méga-Bolt PP', 'college', 'presentation_projet', 'controle_technique_ok'),
('55555555-0000-4000-8000-000000000041', '11111111-0000-4000-8000-000000000001', '22222222-0000-4000-8000-000000000001', 'SDL01', 'Méga-Bolt SL', 'college', 'suivi_ligne', 'controle_technique_ok'),
('55555555-0000-4000-8000-000000000061', '11111111-0000-4000-8000-000000000001', '22222222-0000-4000-8000-000000000001', 'FR01', 'Méga-Bolt FR', 'college', 'formule_robot', 'controle_technique_ok'),
('55555555-0000-4000-8000-000000000002', '11111111-0000-4000-8000-000000000001', '22222222-0000-4000-8000-000000000002', 'DE02', 'RoboZilla DE', 'college', 'design', 'controle_technique_ok'),
('55555555-0000-4000-8000-000000000022', '11111111-0000-4000-8000-000000000001', '22222222-0000-4000-8000-000000000002', 'PP02', 'RoboZilla PP', 'college', 'presentation_projet', 'controle_technique_ok'),
('55555555-0000-4000-8000-000000000042', '11111111-0000-4000-8000-000000000001', '22222222-0000-4000-8000-000000000002', 'SDL02', 'RoboZilla SL', 'college', 'suivi_ligne', 'controle_technique_ok'),
('55555555-0000-4000-8000-000000000062', '11111111-0000-4000-8000-000000000001', '22222222-0000-4000-8000-000000000002', 'FR02', 'RoboZilla FR', 'college', 'formule_robot', 'controle_technique_ok'),
('55555555-0000-4000-8000-000000000003', '11111111-0000-4000-8000-000000000001', '22222222-0000-4000-8000-000000000003', 'DE03', 'Iron Baguette DE', 'college', 'design', 'controle_technique_ok'),
('55555555-0000-4000-8000-000000000023', '11111111-0000-4000-8000-000000000001', '22222222-0000-4000-8000-000000000003', 'PP03', 'Iron Baguette PP', 'college', 'presentation_projet', 'controle_technique_ok'),
('55555555-0000-4000-8000-000000000043', '11111111-0000-4000-8000-000000000001', '22222222-0000-4000-8000-000000000003', 'SDL03', 'Iron Baguette SL', 'college', 'suivi_ligne', 'controle_technique_ok'),
('55555555-0000-4000-8000-000000000063', '11111111-0000-4000-8000-000000000001', '22222222-0000-4000-8000-000000000003', 'FR03', 'Iron Baguette FR', 'college', 'formule_robot', 'controle_technique_ok'),
('55555555-0000-4000-8000-000000000004', '11111111-0000-4000-8000-000000000001', '22222222-0000-4000-8000-000000000004', 'DE04', 'Speedy DE', 'college', 'design', 'controle_technique_ok'),
('55555555-0000-4000-8000-000000000024', '11111111-0000-4000-8000-000000000001', '22222222-0000-4000-8000-000000000004', 'PP04', 'Speedy PP', 'college', 'presentation_projet', 'controle_technique_ok'),
('55555555-0000-4000-8000-000000000044', '11111111-0000-4000-8000-000000000001', '22222222-0000-4000-8000-000000000004', 'SDL04', 'Speedy SL', 'college', 'suivi_ligne', 'controle_technique_ok'),
('55555555-0000-4000-8000-000000000064', '11111111-0000-4000-8000-000000000001', '22222222-0000-4000-8000-000000000004', 'FR04', 'Speedy FR', 'college', 'formule_robot', 'controle_technique_ok'),
('55555555-0000-4000-8000-000000000005', '11111111-0000-4000-8000-000000000001', '22222222-0000-4000-8000-000000000005', 'DE05', 'Titanium DE', 'college', 'design', 'controle_technique_ok'),
('55555555-0000-4000-8000-000000000025', '11111111-0000-4000-8000-000000000001', '22222222-0000-4000-8000-000000000005', 'PP05', 'Titanium PP', 'college', 'presentation_projet', 'controle_technique_ok'),
('55555555-0000-4000-8000-000000000045', '11111111-0000-4000-8000-000000000001', '22222222-0000-4000-8000-000000000005', 'SDL05', 'Titanium SL', 'college', 'suivi_ligne', 'controle_technique_ok'),
('55555555-0000-4000-8000-000000000065', '11111111-0000-4000-8000-000000000001', '22222222-0000-4000-8000-000000000005', 'FR05', 'Titanium FR', 'college', 'formule_robot', 'controle_technique_ok'),
('55555555-0000-4000-8000-000000000006', '11111111-0000-4000-8000-000000000001', '22222222-0000-4000-8000-000000000006', 'DE06', 'AstroBot DE', 'college', 'design', 'controle_technique_ok'),
('55555555-0000-4000-8000-000000000026', '11111111-0000-4000-8000-000000000001', '22222222-0000-4000-8000-000000000006', 'PP06', 'AstroBot PP', 'college', 'presentation_projet', 'controle_technique_ok'),
('55555555-0000-4000-8000-000000000046', '11111111-0000-4000-8000-000000000001', '22222222-0000-4000-8000-000000000006', 'SDL06', 'AstroBot SL', 'college', 'suivi_ligne', 'controle_technique_ok'),
('55555555-0000-4000-8000-000000000066', '11111111-0000-4000-8000-000000000001', '22222222-0000-4000-8000-000000000006', 'FR06', 'AstroBot FR', 'college', 'formule_robot', 'controle_technique_ok'),
('55555555-0000-4000-8000-000000000007', '11111111-0000-4000-8000-000000000001', '22222222-0000-4000-8000-000000000007', 'DE07', 'NinjaGear DE', 'college', 'design', 'controle_technique_ok'),
('55555555-0000-4000-8000-000000000027', '11111111-0000-4000-8000-000000000001', '22222222-0000-4000-8000-000000000007', 'PP07', 'NinjaGear PP', 'college', 'presentation_projet', 'controle_technique_ok'),
('55555555-0000-4000-8000-000000000047', '11111111-0000-4000-8000-000000000001', '22222222-0000-4000-8000-000000000007', 'SDL07', 'NinjaGear SL', 'college', 'suivi_ligne', 'controle_technique_ok'),
('55555555-0000-4000-8000-000000000067', '11111111-0000-4000-8000-000000000001', '22222222-0000-4000-8000-000000000007', 'FR07', 'NinjaGear FR', 'college', 'formule_robot', 'controle_technique_ok'),
('55555555-0000-4000-8000-000000000008', '11111111-0000-4000-8000-000000000001', '22222222-0000-4000-8000-000000000008', 'DE08', 'CyberPunk DE', 'college', 'design', 'controle_technique_ok'),
('55555555-0000-4000-8000-000000000028', '11111111-0000-4000-8000-000000000001', '22222222-0000-4000-8000-000000000008', 'PP08', 'CyberPunk PP', 'college', 'presentation_projet', 'controle_technique_ok'),
('55555555-0000-4000-8000-000000000048', '11111111-0000-4000-8000-000000000001', '22222222-0000-4000-8000-000000000008', 'SDL08', 'CyberPunk SL', 'college', 'suivi_ligne', 'controle_technique_ok'),
('55555555-0000-4000-8000-000000000068', '11111111-0000-4000-8000-000000000001', '22222222-0000-4000-8000-000000000008', 'FR08', 'CyberPunk FR', 'college', 'formule_robot', 'controle_technique_ok'),
('55555555-0000-4000-8000-000000000009', '11111111-0000-4000-8000-000000000001', '22222222-0000-4000-8000-000000000009', 'DE09', 'Optimus DE', 'college', 'design', 'controle_technique_ok'),
('55555555-0000-4000-8000-000000000029', '11111111-0000-4000-8000-000000000001', '22222222-0000-4000-8000-000000000009', 'PP09', 'Optimus PP', 'college', 'presentation_projet', 'controle_technique_ok'),
('55555555-0000-4000-8000-000000000049', '11111111-0000-4000-8000-000000000001', '22222222-0000-4000-8000-000000000009', 'SDL09', 'Optimus SL', 'college', 'suivi_ligne', 'controle_technique_ok'),
('55555555-0000-4000-8000-000000000069', '11111111-0000-4000-8000-000000000001', '22222222-0000-4000-8000-000000000009', 'FR09', 'Optimus FR', 'college', 'formule_robot', 'controle_technique_ok'),
('55555555-0000-4000-8000-000000000010', '11111111-0000-4000-8000-000000000001', '22222222-0000-4000-8000-000000000010', 'DE10', 'Wall-E DE', 'college', 'design', 'controle_technique_ok'),
('55555555-0000-4000-8000-000000000030', '11111111-0000-4000-8000-000000000001', '22222222-0000-4000-8000-000000000010', 'PP10', 'Wall-E PP', 'college', 'presentation_projet', 'controle_technique_ok'),
('55555555-0000-4000-8000-000000000050', '11111111-0000-4000-8000-000000000001', '22222222-0000-4000-8000-000000000010', 'SDL10', 'Wall-E SL', 'college', 'suivi_ligne', 'controle_technique_ok'),
('55555555-0000-4000-8000-000000000070', '11111111-0000-4000-8000-000000000001', '22222222-0000-4000-8000-000000000010', 'FR10', 'Wall-E FR', 'college', 'formule_robot', 'controle_technique_ok'),
('55555555-0000-4000-8000-000000000011', '11111111-0000-4000-8000-000000000001', '22222222-0000-4000-8000-000000000011', 'DE11', 'R2D2 DE', 'college', 'design', 'controle_technique_ok'),
('55555555-0000-4000-8000-000000000031', '11111111-0000-4000-8000-000000000001', '22222222-0000-4000-8000-000000000011', 'PP11', 'R2D2 PP', 'college', 'presentation_projet', 'controle_technique_ok'),
('55555555-0000-4000-8000-000000000051', '11111111-0000-4000-8000-000000000001', '22222222-0000-4000-8000-000000000011', 'SDL11', 'R2D2 SL', 'college', 'suivi_ligne', 'controle_technique_ok'),
('55555555-0000-4000-8000-000000000071', '11111111-0000-4000-8000-000000000001', '22222222-0000-4000-8000-000000000011', 'FR11', 'R2D2 FR', 'college', 'formule_robot', 'controle_technique_ok'),
('55555555-0000-4000-8000-000000000012', '11111111-0000-4000-8000-000000000001', '22222222-0000-4000-8000-000000000012', 'DE12', 'Terminator DE', 'college', 'design', 'controle_technique_ok'),
('55555555-0000-4000-8000-000000000032', '11111111-0000-4000-8000-000000000001', '22222222-0000-4000-8000-000000000012', 'PP12', 'Terminator PP', 'college', 'presentation_projet', 'controle_technique_ok'),
('55555555-0000-4000-8000-000000000052', '11111111-0000-4000-8000-000000000001', '22222222-0000-4000-8000-000000000012', 'SDL12', 'Terminator SL', 'college', 'suivi_ligne', 'controle_technique_ok'),
('55555555-0000-4000-8000-000000000072', '11111111-0000-4000-8000-000000000001', '22222222-0000-4000-8000-000000000012', 'FR12', 'Terminator FR', 'college', 'formule_robot', 'controle_technique_ok'),
('55555555-0000-4000-8000-000000000101', '11111111-0000-4000-8000-000000000001', '22222222-0000-4000-8000-000000000101', 'SL01', 'RoboZilla Sumo', 'lycee', 'sumo', 'controle_technique_ok'),
('55555555-0000-4000-8000-000000000102', '11111111-0000-4000-8000-000000000001', '22222222-0000-4000-8000-000000000101', 'SL02', 'Iron Baguette Sumo', 'lycee', 'sumo', 'controle_technique_ok'),
('55555555-0000-4000-8000-000000000103', '11111111-0000-4000-8000-000000000001', '22222222-0000-4000-8000-000000000101', 'SL03', 'Speedy Sumo', 'lycee', 'sumo', 'controle_technique_ok'),
('55555555-0000-4000-8000-000000000104', '11111111-0000-4000-8000-000000000001', '22222222-0000-4000-8000-000000000101', 'SL04', 'Titanium Sumo', 'lycee', 'sumo', 'controle_technique_ok'),
('55555555-0000-4000-8000-000000000105', '11111111-0000-4000-8000-000000000001', '22222222-0000-4000-8000-000000000101', 'SL05', 'AstroBot Sumo', 'lycee', 'sumo', 'controle_technique_ok'),
('55555555-0000-4000-8000-000000000106', '11111111-0000-4000-8000-000000000001', '22222222-0000-4000-8000-000000000102', 'SL06', 'NinjaGear Sumo', 'lycee', 'sumo', 'controle_technique_ok'),
('55555555-0000-4000-8000-000000000107', '11111111-0000-4000-8000-000000000001', '22222222-0000-4000-8000-000000000102', 'SL07', 'CyberPunk Sumo', 'lycee', 'sumo', 'controle_technique_ok'),
('55555555-0000-4000-8000-000000000108', '11111111-0000-4000-8000-000000000001', '22222222-0000-4000-8000-000000000102', 'SL08', 'Optimus Sumo', 'lycee', 'sumo', 'controle_technique_ok'),
('55555555-0000-4000-8000-000000000109', '11111111-0000-4000-8000-000000000001', '22222222-0000-4000-8000-000000000102', 'SL09', 'Wall-E Sumo', 'lycee', 'sumo', 'controle_technique_ok'),
('55555555-0000-4000-8000-000000000110', '11111111-0000-4000-8000-000000000001', '22222222-0000-4000-8000-000000000102', 'SL10', 'R2D2 Sumo', 'lycee', 'sumo', 'controle_technique_ok'),
('55555555-0000-4000-8000-000000000111', '11111111-0000-4000-8000-000000000001', '22222222-0000-4000-8000-000000000103', 'SL11', 'Terminator Sumo', 'lycee', 'sumo', 'controle_technique_ok'),
('55555555-0000-4000-8000-000000000112', '11111111-0000-4000-8000-000000000001', '22222222-0000-4000-8000-000000000103', 'SL12', 'Méga-Bolt Sumo', 'lycee', 'sumo', 'controle_technique_ok'),
('55555555-0000-4000-8000-000000000113', '11111111-0000-4000-8000-000000000001', '22222222-0000-4000-8000-000000000103', 'SL13', 'RoboZilla Sumo', 'lycee', 'sumo', 'controle_technique_ok'),
('55555555-0000-4000-8000-000000000114', '11111111-0000-4000-8000-000000000001', '22222222-0000-4000-8000-000000000103', 'SL14', 'Iron Baguette Sumo', 'lycee', 'sumo', 'controle_technique_ok'),
('55555555-0000-4000-8000-000000000115', '11111111-0000-4000-8000-000000000001', '22222222-0000-4000-8000-000000000103', 'SL15', 'Speedy Sumo', 'lycee', 'sumo', 'controle_technique_ok'),
('55555555-0000-4000-8000-000000000116', '11111111-0000-4000-8000-000000000001', '22222222-0000-4000-8000-000000000104', 'SL16', 'Titanium Sumo', 'lycee', 'sumo', 'controle_technique_ok'),
('55555555-0000-4000-8000-000000000117', '11111111-0000-4000-8000-000000000001', '22222222-0000-4000-8000-000000000104', 'SL17', 'AstroBot Sumo', 'lycee', 'sumo', 'controle_technique_ok'),
('55555555-0000-4000-8000-000000000118', '11111111-0000-4000-8000-000000000001', '22222222-0000-4000-8000-000000000104', 'SL18', 'NinjaGear Sumo', 'lycee', 'sumo', 'controle_technique_ok'),
('55555555-0000-4000-8000-000000000119', '11111111-0000-4000-8000-000000000001', '22222222-0000-4000-8000-000000000104', 'SL19', 'CyberPunk Sumo', 'lycee', 'sumo', 'controle_technique_ok'),
('55555555-0000-4000-8000-000000000120', '11111111-0000-4000-8000-000000000001', '22222222-0000-4000-8000-000000000104', 'SL20', 'Optimus Sumo', 'lycee', 'sumo', 'controle_technique_ok')
ON CONFLICT (id) DO NOTHING;

INSERT INTO team_members (id, team_id, profile_id, role_dans_equipe)
VALUES
('66666666-0000-4000-8000-000000000001', '55555555-0000-4000-8000-000000000001', '33333333-0000-4000-8000-000000000010', 'membre'),
('66666666-0000-4000-8000-000000000002', '55555555-0000-4000-8000-000000000001', '33333333-0000-4000-8000-000000000011', 'membre'),
('66666666-0000-4000-8000-000000000003', '55555555-0000-4000-8000-000000000001', '33333333-0000-4000-8000-000000000012', 'membre'),
('66666666-0000-4000-8000-000000000004', '55555555-0000-4000-8000-000000000021', '33333333-0000-4000-8000-000000000010', 'membre'),
('66666666-0000-4000-8000-000000000005', '55555555-0000-4000-8000-000000000021', '33333333-0000-4000-8000-000000000011', 'membre'),
('66666666-0000-4000-8000-000000000006', '55555555-0000-4000-8000-000000000021', '33333333-0000-4000-8000-000000000012', 'membre'),
('66666666-0000-4000-8000-000000000007', '55555555-0000-4000-8000-000000000041', '33333333-0000-4000-8000-000000000010', 'membre'),
('66666666-0000-4000-8000-000000000008', '55555555-0000-4000-8000-000000000041', '33333333-0000-4000-8000-000000000011', 'membre'),
('66666666-0000-4000-8000-000000000009', '55555555-0000-4000-8000-000000000041', '33333333-0000-4000-8000-000000000012', 'membre'),
('66666666-0000-4000-8000-000000000010', '55555555-0000-4000-8000-000000000061', '33333333-0000-4000-8000-000000000010', 'membre'),
('66666666-0000-4000-8000-000000000011', '55555555-0000-4000-8000-000000000061', '33333333-0000-4000-8000-000000000011', 'membre'),
('66666666-0000-4000-8000-000000000012', '55555555-0000-4000-8000-000000000061', '33333333-0000-4000-8000-000000000012', 'membre'),
('66666666-0000-4000-8000-000000000013', '55555555-0000-4000-8000-000000000002', '33333333-0000-4000-8000-000000000015', 'membre'),
('66666666-0000-4000-8000-000000000014', '55555555-0000-4000-8000-000000000002', '33333333-0000-4000-8000-000000000016', 'membre'),
('66666666-0000-4000-8000-000000000015', '55555555-0000-4000-8000-000000000002', '33333333-0000-4000-8000-000000000017', 'membre'),
('66666666-0000-4000-8000-000000000016', '55555555-0000-4000-8000-000000000022', '33333333-0000-4000-8000-000000000015', 'membre'),
('66666666-0000-4000-8000-000000000017', '55555555-0000-4000-8000-000000000022', '33333333-0000-4000-8000-000000000016', 'membre'),
('66666666-0000-4000-8000-000000000018', '55555555-0000-4000-8000-000000000022', '33333333-0000-4000-8000-000000000017', 'membre'),
('66666666-0000-4000-8000-000000000019', '55555555-0000-4000-8000-000000000042', '33333333-0000-4000-8000-000000000015', 'membre'),
('66666666-0000-4000-8000-000000000020', '55555555-0000-4000-8000-000000000042', '33333333-0000-4000-8000-000000000016', 'membre'),
('66666666-0000-4000-8000-000000000021', '55555555-0000-4000-8000-000000000042', '33333333-0000-4000-8000-000000000017', 'membre'),
('66666666-0000-4000-8000-000000000022', '55555555-0000-4000-8000-000000000062', '33333333-0000-4000-8000-000000000015', 'membre'),
('66666666-0000-4000-8000-000000000023', '55555555-0000-4000-8000-000000000062', '33333333-0000-4000-8000-000000000016', 'membre'),
('66666666-0000-4000-8000-000000000024', '55555555-0000-4000-8000-000000000062', '33333333-0000-4000-8000-000000000017', 'membre'),
('66666666-0000-4000-8000-000000000025', '55555555-0000-4000-8000-000000000003', '33333333-0000-4000-8000-000000000020', 'membre'),
('66666666-0000-4000-8000-000000000026', '55555555-0000-4000-8000-000000000003', '33333333-0000-4000-8000-000000000021', 'membre'),
('66666666-0000-4000-8000-000000000027', '55555555-0000-4000-8000-000000000003', '33333333-0000-4000-8000-000000000022', 'membre'),
('66666666-0000-4000-8000-000000000028', '55555555-0000-4000-8000-000000000023', '33333333-0000-4000-8000-000000000020', 'membre'),
('66666666-0000-4000-8000-000000000029', '55555555-0000-4000-8000-000000000023', '33333333-0000-4000-8000-000000000021', 'membre'),
('66666666-0000-4000-8000-000000000030', '55555555-0000-4000-8000-000000000023', '33333333-0000-4000-8000-000000000022', 'membre'),
('66666666-0000-4000-8000-000000000031', '55555555-0000-4000-8000-000000000043', '33333333-0000-4000-8000-000000000020', 'membre'),
('66666666-0000-4000-8000-000000000032', '55555555-0000-4000-8000-000000000043', '33333333-0000-4000-8000-000000000021', 'membre'),
('66666666-0000-4000-8000-000000000033', '55555555-0000-4000-8000-000000000043', '33333333-0000-4000-8000-000000000022', 'membre'),
('66666666-0000-4000-8000-000000000034', '55555555-0000-4000-8000-000000000063', '33333333-0000-4000-8000-000000000020', 'membre'),
('66666666-0000-4000-8000-000000000035', '55555555-0000-4000-8000-000000000063', '33333333-0000-4000-8000-000000000021', 'membre'),
('66666666-0000-4000-8000-000000000036', '55555555-0000-4000-8000-000000000063', '33333333-0000-4000-8000-000000000022', 'membre'),
('66666666-0000-4000-8000-000000000037', '55555555-0000-4000-8000-000000000004', '33333333-0000-4000-8000-000000000025', 'membre'),
('66666666-0000-4000-8000-000000000038', '55555555-0000-4000-8000-000000000004', '33333333-0000-4000-8000-000000000026', 'membre'),
('66666666-0000-4000-8000-000000000039', '55555555-0000-4000-8000-000000000004', '33333333-0000-4000-8000-000000000027', 'membre'),
('66666666-0000-4000-8000-000000000040', '55555555-0000-4000-8000-000000000024', '33333333-0000-4000-8000-000000000025', 'membre'),
('66666666-0000-4000-8000-000000000041', '55555555-0000-4000-8000-000000000024', '33333333-0000-4000-8000-000000000026', 'membre'),
('66666666-0000-4000-8000-000000000042', '55555555-0000-4000-8000-000000000024', '33333333-0000-4000-8000-000000000027', 'membre'),
('66666666-0000-4000-8000-000000000043', '55555555-0000-4000-8000-000000000044', '33333333-0000-4000-8000-000000000025', 'membre'),
('66666666-0000-4000-8000-000000000044', '55555555-0000-4000-8000-000000000044', '33333333-0000-4000-8000-000000000026', 'membre'),
('66666666-0000-4000-8000-000000000045', '55555555-0000-4000-8000-000000000044', '33333333-0000-4000-8000-000000000027', 'membre'),
('66666666-0000-4000-8000-000000000046', '55555555-0000-4000-8000-000000000064', '33333333-0000-4000-8000-000000000025', 'membre'),
('66666666-0000-4000-8000-000000000047', '55555555-0000-4000-8000-000000000064', '33333333-0000-4000-8000-000000000026', 'membre'),
('66666666-0000-4000-8000-000000000048', '55555555-0000-4000-8000-000000000064', '33333333-0000-4000-8000-000000000027', 'membre'),
('66666666-0000-4000-8000-000000000049', '55555555-0000-4000-8000-000000000005', '33333333-0000-4000-8000-000000000030', 'membre'),
('66666666-0000-4000-8000-000000000050', '55555555-0000-4000-8000-000000000005', '33333333-0000-4000-8000-000000000031', 'membre'),
('66666666-0000-4000-8000-000000000051', '55555555-0000-4000-8000-000000000005', '33333333-0000-4000-8000-000000000032', 'membre'),
('66666666-0000-4000-8000-000000000052', '55555555-0000-4000-8000-000000000025', '33333333-0000-4000-8000-000000000030', 'membre'),
('66666666-0000-4000-8000-000000000053', '55555555-0000-4000-8000-000000000025', '33333333-0000-4000-8000-000000000031', 'membre'),
('66666666-0000-4000-8000-000000000054', '55555555-0000-4000-8000-000000000025', '33333333-0000-4000-8000-000000000032', 'membre'),
('66666666-0000-4000-8000-000000000055', '55555555-0000-4000-8000-000000000045', '33333333-0000-4000-8000-000000000030', 'membre'),
('66666666-0000-4000-8000-000000000056', '55555555-0000-4000-8000-000000000045', '33333333-0000-4000-8000-000000000031', 'membre'),
('66666666-0000-4000-8000-000000000057', '55555555-0000-4000-8000-000000000045', '33333333-0000-4000-8000-000000000032', 'membre'),
('66666666-0000-4000-8000-000000000058', '55555555-0000-4000-8000-000000000065', '33333333-0000-4000-8000-000000000030', 'membre'),
('66666666-0000-4000-8000-000000000059', '55555555-0000-4000-8000-000000000065', '33333333-0000-4000-8000-000000000031', 'membre'),
('66666666-0000-4000-8000-000000000060', '55555555-0000-4000-8000-000000000065', '33333333-0000-4000-8000-000000000032', 'membre'),
('66666666-0000-4000-8000-000000000061', '55555555-0000-4000-8000-000000000006', '33333333-0000-4000-8000-000000000035', 'membre'),
('66666666-0000-4000-8000-000000000062', '55555555-0000-4000-8000-000000000006', '33333333-0000-4000-8000-000000000036', 'membre'),
('66666666-0000-4000-8000-000000000063', '55555555-0000-4000-8000-000000000006', '33333333-0000-4000-8000-000000000037', 'membre'),
('66666666-0000-4000-8000-000000000064', '55555555-0000-4000-8000-000000000026', '33333333-0000-4000-8000-000000000035', 'membre'),
('66666666-0000-4000-8000-000000000065', '55555555-0000-4000-8000-000000000026', '33333333-0000-4000-8000-000000000036', 'membre'),
('66666666-0000-4000-8000-000000000066', '55555555-0000-4000-8000-000000000026', '33333333-0000-4000-8000-000000000037', 'membre'),
('66666666-0000-4000-8000-000000000067', '55555555-0000-4000-8000-000000000046', '33333333-0000-4000-8000-000000000035', 'membre'),
('66666666-0000-4000-8000-000000000068', '55555555-0000-4000-8000-000000000046', '33333333-0000-4000-8000-000000000036', 'membre'),
('66666666-0000-4000-8000-000000000069', '55555555-0000-4000-8000-000000000046', '33333333-0000-4000-8000-000000000037', 'membre'),
('66666666-0000-4000-8000-000000000070', '55555555-0000-4000-8000-000000000066', '33333333-0000-4000-8000-000000000035', 'membre'),
('66666666-0000-4000-8000-000000000071', '55555555-0000-4000-8000-000000000066', '33333333-0000-4000-8000-000000000036', 'membre'),
('66666666-0000-4000-8000-000000000072', '55555555-0000-4000-8000-000000000066', '33333333-0000-4000-8000-000000000037', 'membre'),
('66666666-0000-4000-8000-000000000073', '55555555-0000-4000-8000-000000000007', '33333333-0000-4000-8000-000000000040', 'membre'),
('66666666-0000-4000-8000-000000000074', '55555555-0000-4000-8000-000000000007', '33333333-0000-4000-8000-000000000041', 'membre'),
('66666666-0000-4000-8000-000000000075', '55555555-0000-4000-8000-000000000007', '33333333-0000-4000-8000-000000000042', 'membre'),
('66666666-0000-4000-8000-000000000076', '55555555-0000-4000-8000-000000000027', '33333333-0000-4000-8000-000000000040', 'membre'),
('66666666-0000-4000-8000-000000000077', '55555555-0000-4000-8000-000000000027', '33333333-0000-4000-8000-000000000041', 'membre'),
('66666666-0000-4000-8000-000000000078', '55555555-0000-4000-8000-000000000027', '33333333-0000-4000-8000-000000000042', 'membre'),
('66666666-0000-4000-8000-000000000079', '55555555-0000-4000-8000-000000000047', '33333333-0000-4000-8000-000000000040', 'membre'),
('66666666-0000-4000-8000-000000000080', '55555555-0000-4000-8000-000000000047', '33333333-0000-4000-8000-000000000041', 'membre'),
('66666666-0000-4000-8000-000000000081', '55555555-0000-4000-8000-000000000047', '33333333-0000-4000-8000-000000000042', 'membre'),
('66666666-0000-4000-8000-000000000082', '55555555-0000-4000-8000-000000000067', '33333333-0000-4000-8000-000000000040', 'membre'),
('66666666-0000-4000-8000-000000000083', '55555555-0000-4000-8000-000000000067', '33333333-0000-4000-8000-000000000041', 'membre'),
('66666666-0000-4000-8000-000000000084', '55555555-0000-4000-8000-000000000067', '33333333-0000-4000-8000-000000000042', 'membre'),
('66666666-0000-4000-8000-000000000085', '55555555-0000-4000-8000-000000000008', '33333333-0000-4000-8000-000000000045', 'membre'),
('66666666-0000-4000-8000-000000000086', '55555555-0000-4000-8000-000000000008', '33333333-0000-4000-8000-000000000046', 'membre'),
('66666666-0000-4000-8000-000000000087', '55555555-0000-4000-8000-000000000008', '33333333-0000-4000-8000-000000000047', 'membre'),
('66666666-0000-4000-8000-000000000088', '55555555-0000-4000-8000-000000000028', '33333333-0000-4000-8000-000000000045', 'membre'),
('66666666-0000-4000-8000-000000000089', '55555555-0000-4000-8000-000000000028', '33333333-0000-4000-8000-000000000046', 'membre'),
('66666666-0000-4000-8000-000000000090', '55555555-0000-4000-8000-000000000028', '33333333-0000-4000-8000-000000000047', 'membre'),
('66666666-0000-4000-8000-000000000091', '55555555-0000-4000-8000-000000000048', '33333333-0000-4000-8000-000000000045', 'membre'),
('66666666-0000-4000-8000-000000000092', '55555555-0000-4000-8000-000000000048', '33333333-0000-4000-8000-000000000046', 'membre'),
('66666666-0000-4000-8000-000000000093', '55555555-0000-4000-8000-000000000048', '33333333-0000-4000-8000-000000000047', 'membre'),
('66666666-0000-4000-8000-000000000094', '55555555-0000-4000-8000-000000000068', '33333333-0000-4000-8000-000000000045', 'membre'),
('66666666-0000-4000-8000-000000000095', '55555555-0000-4000-8000-000000000068', '33333333-0000-4000-8000-000000000046', 'membre'),
('66666666-0000-4000-8000-000000000096', '55555555-0000-4000-8000-000000000068', '33333333-0000-4000-8000-000000000047', 'membre'),
('66666666-0000-4000-8000-000000000097', '55555555-0000-4000-8000-000000000009', '33333333-0000-4000-8000-000000000050', 'membre'),
('66666666-0000-4000-8000-000000000098', '55555555-0000-4000-8000-000000000009', '33333333-0000-4000-8000-000000000051', 'membre'),
('66666666-0000-4000-8000-000000000099', '55555555-0000-4000-8000-000000000009', '33333333-0000-4000-8000-000000000052', 'membre'),
('66666666-0000-4000-8000-000000000100', '55555555-0000-4000-8000-000000000029', '33333333-0000-4000-8000-000000000050', 'membre'),
('66666666-0000-4000-8000-000000000101', '55555555-0000-4000-8000-000000000029', '33333333-0000-4000-8000-000000000051', 'membre'),
('66666666-0000-4000-8000-000000000102', '55555555-0000-4000-8000-000000000029', '33333333-0000-4000-8000-000000000052', 'membre'),
('66666666-0000-4000-8000-000000000103', '55555555-0000-4000-8000-000000000049', '33333333-0000-4000-8000-000000000050', 'membre'),
('66666666-0000-4000-8000-000000000104', '55555555-0000-4000-8000-000000000049', '33333333-0000-4000-8000-000000000051', 'membre'),
('66666666-0000-4000-8000-000000000105', '55555555-0000-4000-8000-000000000049', '33333333-0000-4000-8000-000000000052', 'membre'),
('66666666-0000-4000-8000-000000000106', '55555555-0000-4000-8000-000000000069', '33333333-0000-4000-8000-000000000050', 'membre'),
('66666666-0000-4000-8000-000000000107', '55555555-0000-4000-8000-000000000069', '33333333-0000-4000-8000-000000000051', 'membre'),
('66666666-0000-4000-8000-000000000108', '55555555-0000-4000-8000-000000000069', '33333333-0000-4000-8000-000000000052', 'membre'),
('66666666-0000-4000-8000-000000000109', '55555555-0000-4000-8000-000000000010', '33333333-0000-4000-8000-000000000055', 'membre'),
('66666666-0000-4000-8000-000000000110', '55555555-0000-4000-8000-000000000010', '33333333-0000-4000-8000-000000000056', 'membre'),
('66666666-0000-4000-8000-000000000111', '55555555-0000-4000-8000-000000000010', '33333333-0000-4000-8000-000000000057', 'membre'),
('66666666-0000-4000-8000-000000000112', '55555555-0000-4000-8000-000000000030', '33333333-0000-4000-8000-000000000055', 'membre'),
('66666666-0000-4000-8000-000000000113', '55555555-0000-4000-8000-000000000030', '33333333-0000-4000-8000-000000000056', 'membre'),
('66666666-0000-4000-8000-000000000114', '55555555-0000-4000-8000-000000000030', '33333333-0000-4000-8000-000000000057', 'membre'),
('66666666-0000-4000-8000-000000000115', '55555555-0000-4000-8000-000000000050', '33333333-0000-4000-8000-000000000055', 'membre'),
('66666666-0000-4000-8000-000000000116', '55555555-0000-4000-8000-000000000050', '33333333-0000-4000-8000-000000000056', 'membre'),
('66666666-0000-4000-8000-000000000117', '55555555-0000-4000-8000-000000000050', '33333333-0000-4000-8000-000000000057', 'membre'),
('66666666-0000-4000-8000-000000000118', '55555555-0000-4000-8000-000000000070', '33333333-0000-4000-8000-000000000055', 'membre'),
('66666666-0000-4000-8000-000000000119', '55555555-0000-4000-8000-000000000070', '33333333-0000-4000-8000-000000000056', 'membre'),
('66666666-0000-4000-8000-000000000120', '55555555-0000-4000-8000-000000000070', '33333333-0000-4000-8000-000000000057', 'membre'),
('66666666-0000-4000-8000-000000000121', '55555555-0000-4000-8000-000000000011', '33333333-0000-4000-8000-000000000060', 'membre'),
('66666666-0000-4000-8000-000000000122', '55555555-0000-4000-8000-000000000011', '33333333-0000-4000-8000-000000000061', 'membre'),
('66666666-0000-4000-8000-000000000123', '55555555-0000-4000-8000-000000000011', '33333333-0000-4000-8000-000000000062', 'membre'),
('66666666-0000-4000-8000-000000000124', '55555555-0000-4000-8000-000000000031', '33333333-0000-4000-8000-000000000060', 'membre'),
('66666666-0000-4000-8000-000000000125', '55555555-0000-4000-8000-000000000031', '33333333-0000-4000-8000-000000000061', 'membre'),
('66666666-0000-4000-8000-000000000126', '55555555-0000-4000-8000-000000000031', '33333333-0000-4000-8000-000000000062', 'membre'),
('66666666-0000-4000-8000-000000000127', '55555555-0000-4000-8000-000000000051', '33333333-0000-4000-8000-000000000060', 'membre'),
('66666666-0000-4000-8000-000000000128', '55555555-0000-4000-8000-000000000051', '33333333-0000-4000-8000-000000000061', 'membre'),
('66666666-0000-4000-8000-000000000129', '55555555-0000-4000-8000-000000000051', '33333333-0000-4000-8000-000000000062', 'membre'),
('66666666-0000-4000-8000-000000000130', '55555555-0000-4000-8000-000000000071', '33333333-0000-4000-8000-000000000060', 'membre'),
('66666666-0000-4000-8000-000000000131', '55555555-0000-4000-8000-000000000071', '33333333-0000-4000-8000-000000000061', 'membre'),
('66666666-0000-4000-8000-000000000132', '55555555-0000-4000-8000-000000000071', '33333333-0000-4000-8000-000000000062', 'membre'),
('66666666-0000-4000-8000-000000000133', '55555555-0000-4000-8000-000000000012', '33333333-0000-4000-8000-000000000065', 'membre'),
('66666666-0000-4000-8000-000000000134', '55555555-0000-4000-8000-000000000012', '33333333-0000-4000-8000-000000000066', 'membre'),
('66666666-0000-4000-8000-000000000135', '55555555-0000-4000-8000-000000000012', '33333333-0000-4000-8000-000000000067', 'membre'),
('66666666-0000-4000-8000-000000000136', '55555555-0000-4000-8000-000000000032', '33333333-0000-4000-8000-000000000065', 'membre'),
('66666666-0000-4000-8000-000000000137', '55555555-0000-4000-8000-000000000032', '33333333-0000-4000-8000-000000000066', 'membre'),
('66666666-0000-4000-8000-000000000138', '55555555-0000-4000-8000-000000000032', '33333333-0000-4000-8000-000000000067', 'membre'),
('66666666-0000-4000-8000-000000000139', '55555555-0000-4000-8000-000000000052', '33333333-0000-4000-8000-000000000065', 'membre'),
('66666666-0000-4000-8000-000000000140', '55555555-0000-4000-8000-000000000052', '33333333-0000-4000-8000-000000000066', 'membre'),
('66666666-0000-4000-8000-000000000141', '55555555-0000-4000-8000-000000000052', '33333333-0000-4000-8000-000000000067', 'membre'),
('66666666-0000-4000-8000-000000000142', '55555555-0000-4000-8000-000000000072', '33333333-0000-4000-8000-000000000065', 'membre'),
('66666666-0000-4000-8000-000000000143', '55555555-0000-4000-8000-000000000072', '33333333-0000-4000-8000-000000000066', 'membre'),
('66666666-0000-4000-8000-000000000144', '55555555-0000-4000-8000-000000000072', '33333333-0000-4000-8000-000000000067', 'membre'),
('66666666-0000-4000-8000-000000000145', '55555555-0000-4000-8000-000000000101', '33333333-0000-4000-8000-000000000070', 'membre'),
('66666666-0000-4000-8000-000000000146', '55555555-0000-4000-8000-000000000101', '33333333-0000-4000-8000-000000000071', 'membre'),
('66666666-0000-4000-8000-000000000147', '55555555-0000-4000-8000-000000000101', '33333333-0000-4000-8000-000000000072', 'membre'),
('66666666-0000-4000-8000-000000000148', '55555555-0000-4000-8000-000000000101', '33333333-0000-4000-8000-000000000073', 'membre'),
('66666666-0000-4000-8000-000000000149', '55555555-0000-4000-8000-000000000101', '33333333-0000-4000-8000-000000000074', 'membre'),
('66666666-0000-4000-8000-000000000150', '55555555-0000-4000-8000-000000000102', '33333333-0000-4000-8000-000000000070', 'membre'),
('66666666-0000-4000-8000-000000000151', '55555555-0000-4000-8000-000000000102', '33333333-0000-4000-8000-000000000071', 'membre'),
('66666666-0000-4000-8000-000000000152', '55555555-0000-4000-8000-000000000102', '33333333-0000-4000-8000-000000000072', 'membre'),
('66666666-0000-4000-8000-000000000153', '55555555-0000-4000-8000-000000000102', '33333333-0000-4000-8000-000000000073', 'membre'),
('66666666-0000-4000-8000-000000000154', '55555555-0000-4000-8000-000000000102', '33333333-0000-4000-8000-000000000074', 'membre'),
('66666666-0000-4000-8000-000000000155', '55555555-0000-4000-8000-000000000103', '33333333-0000-4000-8000-000000000070', 'membre'),
('66666666-0000-4000-8000-000000000156', '55555555-0000-4000-8000-000000000103', '33333333-0000-4000-8000-000000000071', 'membre'),
('66666666-0000-4000-8000-000000000157', '55555555-0000-4000-8000-000000000103', '33333333-0000-4000-8000-000000000072', 'membre'),
('66666666-0000-4000-8000-000000000158', '55555555-0000-4000-8000-000000000103', '33333333-0000-4000-8000-000000000073', 'membre'),
('66666666-0000-4000-8000-000000000159', '55555555-0000-4000-8000-000000000103', '33333333-0000-4000-8000-000000000074', 'membre'),
('66666666-0000-4000-8000-000000000160', '55555555-0000-4000-8000-000000000104', '33333333-0000-4000-8000-000000000070', 'membre'),
('66666666-0000-4000-8000-000000000161', '55555555-0000-4000-8000-000000000104', '33333333-0000-4000-8000-000000000071', 'membre'),
('66666666-0000-4000-8000-000000000162', '55555555-0000-4000-8000-000000000104', '33333333-0000-4000-8000-000000000072', 'membre'),
('66666666-0000-4000-8000-000000000163', '55555555-0000-4000-8000-000000000104', '33333333-0000-4000-8000-000000000073', 'membre'),
('66666666-0000-4000-8000-000000000164', '55555555-0000-4000-8000-000000000104', '33333333-0000-4000-8000-000000000074', 'membre'),
('66666666-0000-4000-8000-000000000165', '55555555-0000-4000-8000-000000000105', '33333333-0000-4000-8000-000000000070', 'membre'),
('66666666-0000-4000-8000-000000000166', '55555555-0000-4000-8000-000000000105', '33333333-0000-4000-8000-000000000071', 'membre'),
('66666666-0000-4000-8000-000000000167', '55555555-0000-4000-8000-000000000105', '33333333-0000-4000-8000-000000000072', 'membre'),
('66666666-0000-4000-8000-000000000168', '55555555-0000-4000-8000-000000000105', '33333333-0000-4000-8000-000000000073', 'membre'),
('66666666-0000-4000-8000-000000000169', '55555555-0000-4000-8000-000000000105', '33333333-0000-4000-8000-000000000074', 'membre'),
('66666666-0000-4000-8000-000000000170', '55555555-0000-4000-8000-000000000106', '33333333-0000-4000-8000-000000000077', 'membre'),
('66666666-0000-4000-8000-000000000171', '55555555-0000-4000-8000-000000000106', '33333333-0000-4000-8000-000000000078', 'membre'),
('66666666-0000-4000-8000-000000000172', '55555555-0000-4000-8000-000000000106', '33333333-0000-4000-8000-000000000079', 'membre'),
('66666666-0000-4000-8000-000000000173', '55555555-0000-4000-8000-000000000106', '33333333-0000-4000-8000-000000000080', 'membre'),
('66666666-0000-4000-8000-000000000174', '55555555-0000-4000-8000-000000000106', '33333333-0000-4000-8000-000000000081', 'membre'),
('66666666-0000-4000-8000-000000000175', '55555555-0000-4000-8000-000000000107', '33333333-0000-4000-8000-000000000077', 'membre'),
('66666666-0000-4000-8000-000000000176', '55555555-0000-4000-8000-000000000107', '33333333-0000-4000-8000-000000000078', 'membre'),
('66666666-0000-4000-8000-000000000177', '55555555-0000-4000-8000-000000000107', '33333333-0000-4000-8000-000000000079', 'membre'),
('66666666-0000-4000-8000-000000000178', '55555555-0000-4000-8000-000000000107', '33333333-0000-4000-8000-000000000080', 'membre'),
('66666666-0000-4000-8000-000000000179', '55555555-0000-4000-8000-000000000107', '33333333-0000-4000-8000-000000000081', 'membre'),
('66666666-0000-4000-8000-000000000180', '55555555-0000-4000-8000-000000000108', '33333333-0000-4000-8000-000000000077', 'membre'),
('66666666-0000-4000-8000-000000000181', '55555555-0000-4000-8000-000000000108', '33333333-0000-4000-8000-000000000078', 'membre'),
('66666666-0000-4000-8000-000000000182', '55555555-0000-4000-8000-000000000108', '33333333-0000-4000-8000-000000000079', 'membre'),
('66666666-0000-4000-8000-000000000183', '55555555-0000-4000-8000-000000000108', '33333333-0000-4000-8000-000000000080', 'membre'),
('66666666-0000-4000-8000-000000000184', '55555555-0000-4000-8000-000000000108', '33333333-0000-4000-8000-000000000081', 'membre'),
('66666666-0000-4000-8000-000000000185', '55555555-0000-4000-8000-000000000109', '33333333-0000-4000-8000-000000000077', 'membre'),
('66666666-0000-4000-8000-000000000186', '55555555-0000-4000-8000-000000000109', '33333333-0000-4000-8000-000000000078', 'membre'),
('66666666-0000-4000-8000-000000000187', '55555555-0000-4000-8000-000000000109', '33333333-0000-4000-8000-000000000079', 'membre'),
('66666666-0000-4000-8000-000000000188', '55555555-0000-4000-8000-000000000109', '33333333-0000-4000-8000-000000000080', 'membre'),
('66666666-0000-4000-8000-000000000189', '55555555-0000-4000-8000-000000000109', '33333333-0000-4000-8000-000000000081', 'membre'),
('66666666-0000-4000-8000-000000000190', '55555555-0000-4000-8000-000000000110', '33333333-0000-4000-8000-000000000077', 'membre'),
('66666666-0000-4000-8000-000000000191', '55555555-0000-4000-8000-000000000110', '33333333-0000-4000-8000-000000000078', 'membre'),
('66666666-0000-4000-8000-000000000192', '55555555-0000-4000-8000-000000000110', '33333333-0000-4000-8000-000000000079', 'membre'),
('66666666-0000-4000-8000-000000000193', '55555555-0000-4000-8000-000000000110', '33333333-0000-4000-8000-000000000080', 'membre'),
('66666666-0000-4000-8000-000000000194', '55555555-0000-4000-8000-000000000110', '33333333-0000-4000-8000-000000000081', 'membre'),
('66666666-0000-4000-8000-000000000195', '55555555-0000-4000-8000-000000000111', '33333333-0000-4000-8000-000000000084', 'membre'),
('66666666-0000-4000-8000-000000000196', '55555555-0000-4000-8000-000000000111', '33333333-0000-4000-8000-000000000085', 'membre'),
('66666666-0000-4000-8000-000000000197', '55555555-0000-4000-8000-000000000111', '33333333-0000-4000-8000-000000000086', 'membre'),
('66666666-0000-4000-8000-000000000198', '55555555-0000-4000-8000-000000000111', '33333333-0000-4000-8000-000000000087', 'membre'),
('66666666-0000-4000-8000-000000000199', '55555555-0000-4000-8000-000000000111', '33333333-0000-4000-8000-000000000088', 'membre'),
('66666666-0000-4000-8000-000000000200', '55555555-0000-4000-8000-000000000112', '33333333-0000-4000-8000-000000000084', 'membre'),
('66666666-0000-4000-8000-000000000201', '55555555-0000-4000-8000-000000000112', '33333333-0000-4000-8000-000000000085', 'membre'),
('66666666-0000-4000-8000-000000000202', '55555555-0000-4000-8000-000000000112', '33333333-0000-4000-8000-000000000086', 'membre'),
('66666666-0000-4000-8000-000000000203', '55555555-0000-4000-8000-000000000112', '33333333-0000-4000-8000-000000000087', 'membre'),
('66666666-0000-4000-8000-000000000204', '55555555-0000-4000-8000-000000000112', '33333333-0000-4000-8000-000000000088', 'membre'),
('66666666-0000-4000-8000-000000000205', '55555555-0000-4000-8000-000000000113', '33333333-0000-4000-8000-000000000084', 'membre'),
('66666666-0000-4000-8000-000000000206', '55555555-0000-4000-8000-000000000113', '33333333-0000-4000-8000-000000000085', 'membre'),
('66666666-0000-4000-8000-000000000207', '55555555-0000-4000-8000-000000000113', '33333333-0000-4000-8000-000000000086', 'membre'),
('66666666-0000-4000-8000-000000000208', '55555555-0000-4000-8000-000000000113', '33333333-0000-4000-8000-000000000087', 'membre'),
('66666666-0000-4000-8000-000000000209', '55555555-0000-4000-8000-000000000113', '33333333-0000-4000-8000-000000000088', 'membre'),
('66666666-0000-4000-8000-000000000210', '55555555-0000-4000-8000-000000000114', '33333333-0000-4000-8000-000000000084', 'membre'),
('66666666-0000-4000-8000-000000000211', '55555555-0000-4000-8000-000000000114', '33333333-0000-4000-8000-000000000085', 'membre'),
('66666666-0000-4000-8000-000000000212', '55555555-0000-4000-8000-000000000114', '33333333-0000-4000-8000-000000000086', 'membre'),
('66666666-0000-4000-8000-000000000213', '55555555-0000-4000-8000-000000000114', '33333333-0000-4000-8000-000000000087', 'membre'),
('66666666-0000-4000-8000-000000000214', '55555555-0000-4000-8000-000000000114', '33333333-0000-4000-8000-000000000088', 'membre'),
('66666666-0000-4000-8000-000000000215', '55555555-0000-4000-8000-000000000115', '33333333-0000-4000-8000-000000000084', 'membre'),
('66666666-0000-4000-8000-000000000216', '55555555-0000-4000-8000-000000000115', '33333333-0000-4000-8000-000000000085', 'membre'),
('66666666-0000-4000-8000-000000000217', '55555555-0000-4000-8000-000000000115', '33333333-0000-4000-8000-000000000086', 'membre'),
('66666666-0000-4000-8000-000000000218', '55555555-0000-4000-8000-000000000115', '33333333-0000-4000-8000-000000000087', 'membre'),
('66666666-0000-4000-8000-000000000219', '55555555-0000-4000-8000-000000000115', '33333333-0000-4000-8000-000000000088', 'membre'),
('66666666-0000-4000-8000-000000000220', '55555555-0000-4000-8000-000000000116', '33333333-0000-4000-8000-000000000091', 'membre'),
('66666666-0000-4000-8000-000000000221', '55555555-0000-4000-8000-000000000116', '33333333-0000-4000-8000-000000000092', 'membre'),
('66666666-0000-4000-8000-000000000222', '55555555-0000-4000-8000-000000000116', '33333333-0000-4000-8000-000000000093', 'membre'),
('66666666-0000-4000-8000-000000000223', '55555555-0000-4000-8000-000000000116', '33333333-0000-4000-8000-000000000094', 'membre'),
('66666666-0000-4000-8000-000000000224', '55555555-0000-4000-8000-000000000116', '33333333-0000-4000-8000-000000000095', 'membre'),
('66666666-0000-4000-8000-000000000225', '55555555-0000-4000-8000-000000000117', '33333333-0000-4000-8000-000000000091', 'membre'),
('66666666-0000-4000-8000-000000000226', '55555555-0000-4000-8000-000000000117', '33333333-0000-4000-8000-000000000092', 'membre'),
('66666666-0000-4000-8000-000000000227', '55555555-0000-4000-8000-000000000117', '33333333-0000-4000-8000-000000000093', 'membre'),
('66666666-0000-4000-8000-000000000228', '55555555-0000-4000-8000-000000000117', '33333333-0000-4000-8000-000000000094', 'membre'),
('66666666-0000-4000-8000-000000000229', '55555555-0000-4000-8000-000000000117', '33333333-0000-4000-8000-000000000095', 'membre'),
('66666666-0000-4000-8000-000000000230', '55555555-0000-4000-8000-000000000118', '33333333-0000-4000-8000-000000000091', 'membre'),
('66666666-0000-4000-8000-000000000231', '55555555-0000-4000-8000-000000000118', '33333333-0000-4000-8000-000000000092', 'membre'),
('66666666-0000-4000-8000-000000000232', '55555555-0000-4000-8000-000000000118', '33333333-0000-4000-8000-000000000093', 'membre'),
('66666666-0000-4000-8000-000000000233', '55555555-0000-4000-8000-000000000118', '33333333-0000-4000-8000-000000000094', 'membre'),
('66666666-0000-4000-8000-000000000234', '55555555-0000-4000-8000-000000000118', '33333333-0000-4000-8000-000000000095', 'membre'),
('66666666-0000-4000-8000-000000000235', '55555555-0000-4000-8000-000000000119', '33333333-0000-4000-8000-000000000091', 'membre'),
('66666666-0000-4000-8000-000000000236', '55555555-0000-4000-8000-000000000119', '33333333-0000-4000-8000-000000000092', 'membre'),
('66666666-0000-4000-8000-000000000237', '55555555-0000-4000-8000-000000000119', '33333333-0000-4000-8000-000000000093', 'membre'),
('66666666-0000-4000-8000-000000000238', '55555555-0000-4000-8000-000000000119', '33333333-0000-4000-8000-000000000094', 'membre'),
('66666666-0000-4000-8000-000000000239', '55555555-0000-4000-8000-000000000119', '33333333-0000-4000-8000-000000000095', 'membre'),
('66666666-0000-4000-8000-000000000240', '55555555-0000-4000-8000-000000000120', '33333333-0000-4000-8000-000000000091', 'membre'),
('66666666-0000-4000-8000-000000000241', '55555555-0000-4000-8000-000000000120', '33333333-0000-4000-8000-000000000092', 'membre'),
('66666666-0000-4000-8000-000000000242', '55555555-0000-4000-8000-000000000120', '33333333-0000-4000-8000-000000000093', 'membre'),
('66666666-0000-4000-8000-000000000243', '55555555-0000-4000-8000-000000000120', '33333333-0000-4000-8000-000000000094', 'membre'),
('66666666-0000-4000-8000-000000000244', '55555555-0000-4000-8000-000000000120', '33333333-0000-4000-8000-000000000095', 'membre')
ON CONFLICT (id) DO NOTHING;

INSERT INTO planning_slots (id, team_id, epreuve_id, poule, jury_vestiaire, heure_presentation, heure_debut_rencontres, heure_fin_rencontres, zone_rencontres, salle_presentation, observations)
VALUES
('77777777-0000-4000-8000-000000000001', '55555555-0000-4000-8000-000000000101', '44444444-0000-4000-8000-000000000005', 'A', 'Vestiaire 1', '10:30:00', '12:30:00', '13:50:00', 'Sumo 1', 'Salle', ''),
('77777777-0000-4000-8000-000000000002', '55555555-0000-4000-8000-000000000104', '44444444-0000-4000-8000-000000000005', 'A', 'Vestiaire 2', '10:35:00', '12:30:00', '13:50:00', 'Sumo 1', 'Salle', ''),
('77777777-0000-4000-8000-000000000003', '55555555-0000-4000-8000-000000000108', '44444444-0000-4000-8000-000000000005', 'A', 'Vestiaire 1', '10:40:00', '12:30:00', '13:50:00', 'Sumo 1', 'Salle', ''),
('77777777-0000-4000-8000-000000000004', '55555555-0000-4000-8000-000000000112', '44444444-0000-4000-8000-000000000005', 'A', 'Vestiaire 2', '10:45:00', '12:30:00', '13:50:00', 'Sumo 1', 'Salle', ''),
('77777777-0000-4000-8000-000000000005', '55555555-0000-4000-8000-000000000117', '44444444-0000-4000-8000-000000000005', 'A', 'Vestiaire 1', '10:50:00', '12:30:00', '13:50:00', 'Sumo 1', 'Salle', ''),
('77777777-0000-4000-8000-000000000006', '55555555-0000-4000-8000-000000000102', '44444444-0000-4000-8000-000000000005', 'B', 'Vestiaire 1', '11:00:00', '12:30:00', '13:50:00', 'Sumo 2', 'Salle', ''),
('77777777-0000-4000-8000-000000000007', '55555555-0000-4000-8000-000000000105', '44444444-0000-4000-8000-000000000005', 'B', 'Vestiaire 2', '11:05:00', '12:30:00', '13:50:00', 'Sumo 2', 'Salle', ''),
('77777777-0000-4000-8000-000000000008', '55555555-0000-4000-8000-000000000109', '44444444-0000-4000-8000-000000000005', 'B', 'Vestiaire 1', '11:10:00', '12:30:00', '13:50:00', 'Sumo 2', 'Salle', ''),
('77777777-0000-4000-8000-000000000009', '55555555-0000-4000-8000-000000000113', '44444444-0000-4000-8000-000000000005', 'B', 'Vestiaire 2', '11:15:00', '12:30:00', '13:50:00', 'Sumo 2', 'Salle', ''),
('77777777-0000-4000-8000-000000000010', '55555555-0000-4000-8000-000000000118', '44444444-0000-4000-8000-000000000005', 'B', 'Vestiaire 1', '11:20:00', '12:30:00', '13:50:00', 'Sumo 2', 'Salle', ''),
('77777777-0000-4000-8000-000000000011', '55555555-0000-4000-8000-000000000103', '44444444-0000-4000-8000-000000000005', 'C', 'Vestiaire 1', '12:50:00', '10:30:00', '11:50:00', 'Sumo 1', 'Salle', ''),
('77777777-0000-4000-8000-000000000012', '55555555-0000-4000-8000-000000000106', '44444444-0000-4000-8000-000000000005', 'C', 'Vestiaire 2', '12:55:00', '10:30:00', '11:50:00', 'Sumo 1', 'Salle', ''),
('77777777-0000-4000-8000-000000000013', '55555555-0000-4000-8000-000000000110', '44444444-0000-4000-8000-000000000005', 'C', 'Vestiaire 1', '13:00:00', '10:30:00', '11:50:00', 'Sumo 1', 'Salle', ''),
('77777777-0000-4000-8000-000000000014', '55555555-0000-4000-8000-000000000114', '44444444-0000-4000-8000-000000000005', 'C', 'Vestiaire 2', '13:05:00', '10:30:00', '11:50:00', 'Sumo 1', 'Salle', ''),
('77777777-0000-4000-8000-000000000015', '55555555-0000-4000-8000-000000000119', '44444444-0000-4000-8000-000000000005', 'C', 'Vestiaire 1', '13:10:00', '10:30:00', '11:50:00', 'Sumo 1', 'Salle', ''),
('77777777-0000-4000-8000-000000000016', '55555555-0000-4000-8000-000000000107', '44444444-0000-4000-8000-000000000005', 'D', 'Vestiaire 1', '13:10:00', '10:30:00', '11:50:00', 'Sumo 2', 'Salle', ''),
('77777777-0000-4000-8000-000000000017', '55555555-0000-4000-8000-000000000111', '44444444-0000-4000-8000-000000000005', 'D', 'Vestiaire 2', '13:15:00', '10:30:00', '11:50:00', 'Sumo 2', 'Salle', ''),
('77777777-0000-4000-8000-000000000018', '55555555-0000-4000-8000-000000000115', '44444444-0000-4000-8000-000000000005', 'D', 'Vestiaire 1', '13:20:00', '10:30:00', '11:50:00', 'Sumo 2', 'Salle', ''),
('77777777-0000-4000-8000-000000000019', '55555555-0000-4000-8000-000000000116', '44444444-0000-4000-8000-000000000005', 'D', 'Vestiaire 2', '13:25:00', '10:30:00', '11:50:00', 'Sumo 2', 'Salle', ''),
('77777777-0000-4000-8000-000000000020', '55555555-0000-4000-8000-000000000120', '44444444-0000-4000-8000-000000000005', 'D', 'Vestiaire 1', '13:30:00', '10:30:00', '11:50:00', 'Sumo 2', 'Salle', ''),
('77777777-0000-4000-8000-000000000021', '55555555-0000-4000-8000-000000000001', '44444444-0000-4000-8000-000000000001', 'A', 'Vestiaire 1', '10:00:00', '10:00:00', '10:00:00', 'Piste 1', 'Salle', NULL),
('77777777-0000-4000-8000-000000000022', '55555555-0000-4000-8000-000000000021', NULL, 'B', 'Vestiaire 2', '10:06:00', '10:06:00', '10:06:00', 'Piste 2', 'Salle', NULL),
('77777777-0000-4000-8000-000000000023', '55555555-0000-4000-8000-000000000041', '44444444-0000-4000-8000-000000000003', 'A', 'Vestiaire 1', '10:12:00', '10:12:00', '10:12:00', 'Piste 1', 'Salle', NULL),
('77777777-0000-4000-8000-000000000024', '55555555-0000-4000-8000-000000000061', '44444444-0000-4000-8000-000000000004', 'B', 'Vestiaire 2', '10:18:00', '10:18:00', '10:18:00', 'Piste 2', 'Salle', NULL),
('77777777-0000-4000-8000-000000000025', '55555555-0000-4000-8000-000000000002', '44444444-0000-4000-8000-000000000001', 'A', 'Vestiaire 1', '10:24:00', '10:24:00', '10:24:00', 'Piste 1', 'Salle', NULL),
('77777777-0000-4000-8000-000000000026', '55555555-0000-4000-8000-000000000022', NULL, 'B', 'Vestiaire 2', '10:30:00', '10:30:00', '10:30:00', 'Piste 2', 'Salle', NULL),
('77777777-0000-4000-8000-000000000027', '55555555-0000-4000-8000-000000000042', '44444444-0000-4000-8000-000000000003', 'A', 'Vestiaire 1', '10:36:00', '10:36:00', '10:36:00', 'Piste 1', 'Salle', NULL),
('77777777-0000-4000-8000-000000000028', '55555555-0000-4000-8000-000000000062', '44444444-0000-4000-8000-000000000004', 'B', 'Vestiaire 2', '10:42:00', '10:42:00', '10:42:00', 'Piste 2', 'Salle', NULL),
('77777777-0000-4000-8000-000000000029', '55555555-0000-4000-8000-000000000003', '44444444-0000-4000-8000-000000000001', 'A', 'Vestiaire 1', '10:48:00', '10:48:00', '10:48:00', 'Piste 1', 'Salle', NULL),
('77777777-0000-4000-8000-000000000030', '55555555-0000-4000-8000-000000000023', NULL, 'B', 'Vestiaire 2', '10:54:00', '10:54:00', '10:54:00', 'Piste 2', 'Salle', NULL),
('77777777-0000-4000-8000-000000000031', '55555555-0000-4000-8000-000000000043', '44444444-0000-4000-8000-000000000003', 'A', 'Vestiaire 1', '11:00:00', '11:00:00', '11:00:00', 'Piste 1', 'Salle', NULL),
('77777777-0000-4000-8000-000000000032', '55555555-0000-4000-8000-000000000063', '44444444-0000-4000-8000-000000000004', 'B', 'Vestiaire 2', '11:06:00', '11:06:00', '11:06:00', 'Piste 2', 'Salle', NULL),
('77777777-0000-4000-8000-000000000033', '55555555-0000-4000-8000-000000000004', '44444444-0000-4000-8000-000000000001', 'A', 'Vestiaire 1', '11:12:00', '11:12:00', '11:12:00', 'Piste 1', 'Salle', NULL),
('77777777-0000-4000-8000-000000000034', '55555555-0000-4000-8000-000000000024', NULL, 'B', 'Vestiaire 2', '11:18:00', '11:18:00', '11:18:00', 'Piste 2', 'Salle', NULL),
('77777777-0000-4000-8000-000000000035', '55555555-0000-4000-8000-000000000044', '44444444-0000-4000-8000-000000000003', 'A', 'Vestiaire 1', '11:24:00', '11:24:00', '11:24:00', 'Piste 1', 'Salle', NULL),
('77777777-0000-4000-8000-000000000036', '55555555-0000-4000-8000-000000000064', '44444444-0000-4000-8000-000000000004', 'B', 'Vestiaire 2', '11:30:00', '11:30:00', '11:30:00', 'Piste 2', 'Salle', NULL),
('77777777-0000-4000-8000-000000000037', '55555555-0000-4000-8000-000000000005', '44444444-0000-4000-8000-000000000001', 'A', 'Vestiaire 1', '11:36:00', '11:36:00', '11:36:00', 'Piste 1', 'Salle', NULL),
('77777777-0000-4000-8000-000000000038', '55555555-0000-4000-8000-000000000025', NULL, 'B', 'Vestiaire 2', '11:42:00', '11:42:00', '11:42:00', 'Piste 2', 'Salle', NULL),
('77777777-0000-4000-8000-000000000039', '55555555-0000-4000-8000-000000000045', '44444444-0000-4000-8000-000000000003', 'A', 'Vestiaire 1', '11:48:00', '11:48:00', '11:48:00', 'Piste 1', 'Salle', NULL),
('77777777-0000-4000-8000-000000000040', '55555555-0000-4000-8000-000000000065', '44444444-0000-4000-8000-000000000004', 'B', 'Vestiaire 2', '11:54:00', '11:54:00', '11:54:00', 'Piste 2', 'Salle', NULL),
('77777777-0000-4000-8000-000000000041', '55555555-0000-4000-8000-000000000006', '44444444-0000-4000-8000-000000000001', 'A', 'Vestiaire 1', '12:00:00', '12:00:00', '12:00:00', 'Piste 1', 'Salle', NULL),
('77777777-0000-4000-8000-000000000042', '55555555-0000-4000-8000-000000000026', NULL, 'B', 'Vestiaire 2', '12:06:00', '12:06:00', '12:06:00', 'Piste 2', 'Salle', NULL),
('77777777-0000-4000-8000-000000000043', '55555555-0000-4000-8000-000000000046', '44444444-0000-4000-8000-000000000003', 'A', 'Vestiaire 1', '12:12:00', '12:12:00', '12:12:00', 'Piste 1', 'Salle', NULL),
('77777777-0000-4000-8000-000000000044', '55555555-0000-4000-8000-000000000066', '44444444-0000-4000-8000-000000000004', 'B', 'Vestiaire 2', '12:18:00', '12:18:00', '12:18:00', 'Piste 2', 'Salle', NULL),
('77777777-0000-4000-8000-000000000045', '55555555-0000-4000-8000-000000000007', '44444444-0000-4000-8000-000000000001', 'A', 'Vestiaire 1', '12:24:00', '12:24:00', '12:24:00', 'Piste 1', 'Salle', NULL),
('77777777-0000-4000-8000-000000000046', '55555555-0000-4000-8000-000000000027', NULL, 'B', 'Vestiaire 2', '12:30:00', '12:30:00', '12:30:00', 'Piste 2', 'Salle', NULL),
('77777777-0000-4000-8000-000000000047', '55555555-0000-4000-8000-000000000047', '44444444-0000-4000-8000-000000000003', 'A', 'Vestiaire 1', '12:36:00', '12:36:00', '12:36:00', 'Piste 1', 'Salle', NULL),
('77777777-0000-4000-8000-000000000048', '55555555-0000-4000-8000-000000000067', '44444444-0000-4000-8000-000000000004', 'B', 'Vestiaire 2', '12:42:00', '12:42:00', '12:42:00', 'Piste 2', 'Salle', NULL),
('77777777-0000-4000-8000-000000000049', '55555555-0000-4000-8000-000000000008', '44444444-0000-4000-8000-000000000001', 'A', 'Vestiaire 1', '12:48:00', '12:48:00', '12:48:00', 'Piste 1', 'Salle', NULL),
('77777777-0000-4000-8000-000000000050', '55555555-0000-4000-8000-000000000028', NULL, 'B', 'Vestiaire 2', '12:54:00', '12:54:00', '12:54:00', 'Piste 2', 'Salle', NULL),
('77777777-0000-4000-8000-000000000051', '55555555-0000-4000-8000-000000000048', '44444444-0000-4000-8000-000000000003', 'A', 'Vestiaire 1', '13:00:00', '13:00:00', '13:00:00', 'Piste 1', 'Salle', NULL),
('77777777-0000-4000-8000-000000000052', '55555555-0000-4000-8000-000000000068', '44444444-0000-4000-8000-000000000004', 'B', 'Vestiaire 2', '13:06:00', '13:06:00', '13:06:00', 'Piste 2', 'Salle', NULL),
('77777777-0000-4000-8000-000000000053', '55555555-0000-4000-8000-000000000009', '44444444-0000-4000-8000-000000000001', 'A', 'Vestiaire 1', '13:12:00', '13:12:00', '13:12:00', 'Piste 1', 'Salle', NULL),
('77777777-0000-4000-8000-000000000054', '55555555-0000-4000-8000-000000000029', NULL, 'B', 'Vestiaire 2', '13:18:00', '13:18:00', '13:18:00', 'Piste 2', 'Salle', NULL),
('77777777-0000-4000-8000-000000000055', '55555555-0000-4000-8000-000000000049', '44444444-0000-4000-8000-000000000003', 'A', 'Vestiaire 1', '13:24:00', '13:24:00', '13:24:00', 'Piste 1', 'Salle', NULL),
('77777777-0000-4000-8000-000000000056', '55555555-0000-4000-8000-000000000069', '44444444-0000-4000-8000-000000000004', 'B', 'Vestiaire 2', '13:30:00', '13:30:00', '13:30:00', 'Piste 2', 'Salle', NULL),
('77777777-0000-4000-8000-000000000057', '55555555-0000-4000-8000-000000000010', '44444444-0000-4000-8000-000000000001', 'A', 'Vestiaire 1', '13:36:00', '13:36:00', '13:36:00', 'Piste 1', 'Salle', NULL),
('77777777-0000-4000-8000-000000000058', '55555555-0000-4000-8000-000000000030', NULL, 'B', 'Vestiaire 2', '13:42:00', '13:42:00', '13:42:00', 'Piste 2', 'Salle', NULL),
('77777777-0000-4000-8000-000000000059', '55555555-0000-4000-8000-000000000050', '44444444-0000-4000-8000-000000000003', 'A', 'Vestiaire 1', '13:48:00', '13:48:00', '13:48:00', 'Piste 1', 'Salle', NULL),
('77777777-0000-4000-8000-000000000060', '55555555-0000-4000-8000-000000000070', '44444444-0000-4000-8000-000000000004', 'B', 'Vestiaire 2', '13:54:00', '13:54:00', '13:54:00', 'Piste 2', 'Salle', NULL),
('77777777-0000-4000-8000-000000000061', '55555555-0000-4000-8000-000000000011', '44444444-0000-4000-8000-000000000001', 'A', 'Vestiaire 1', '14:00:00', '14:00:00', '14:00:00', 'Piste 1', 'Salle', NULL),
('77777777-0000-4000-8000-000000000062', '55555555-0000-4000-8000-000000000031', NULL, 'B', 'Vestiaire 2', '14:06:00', '14:06:00', '14:06:00', 'Piste 2', 'Salle', NULL),
('77777777-0000-4000-8000-000000000063', '55555555-0000-4000-8000-000000000051', '44444444-0000-4000-8000-000000000003', 'A', 'Vestiaire 1', '14:12:00', '14:12:00', '14:12:00', 'Piste 1', 'Salle', NULL),
('77777777-0000-4000-8000-000000000064', '55555555-0000-4000-8000-000000000071', '44444444-0000-4000-8000-000000000004', 'B', 'Vestiaire 2', '14:18:00', '14:18:00', '14:18:00', 'Piste 2', 'Salle', NULL),
('77777777-0000-4000-8000-000000000065', '55555555-0000-4000-8000-000000000012', '44444444-0000-4000-8000-000000000001', 'A', 'Vestiaire 1', '14:24:00', '14:24:00', '14:24:00', 'Piste 1', 'Salle', NULL),
('77777777-0000-4000-8000-000000000066', '55555555-0000-4000-8000-000000000032', NULL, 'B', 'Vestiaire 2', '14:30:00', '14:30:00', '14:30:00', 'Piste 2', 'Salle', NULL),
('77777777-0000-4000-8000-000000000067', '55555555-0000-4000-8000-000000000052', '44444444-0000-4000-8000-000000000003', 'A', 'Vestiaire 1', '14:36:00', '14:36:00', '14:36:00', 'Piste 1', 'Salle', NULL),
('77777777-0000-4000-8000-000000000068', '55555555-0000-4000-8000-000000000072', '44444444-0000-4000-8000-000000000004', 'B', 'Vestiaire 2', '14:42:00', '14:42:00', '14:42:00', 'Piste 2', 'Salle', NULL)
ON CONFLICT (id) DO NOTHING;

INSERT INTO scores_design (id, team_id, jury_id, access_interrupteur, refroid_carte, acces_cable_prog, facilite_piles, solidite, homogeneite, oeuvre_originale, qualite_visuelle, dissimulation_pieces, qualite_affiche, qualite_echange, bonus_suivi_ovale, bonus_connecte, observations)
VALUES
('88888888-0000-4000-8000-000000000001', '55555555-0000-4000-8000-000000000001', '33333333-0000-4000-8000-000000000004', 1, 1, 1, 1, 1, 1, 1, 1, 1, 1, 1, TRUE, TRUE, 'Très beau design, bravo !'),
('88888888-0000-4000-8000-000000000002', '55555555-0000-4000-8000-000000000002', '33333333-0000-4000-8000-000000000004', 2, 2, 2, 2, 2, 2, 2, 2, 2, 2, 2, FALSE, FALSE, 'Un peu fragile mais original.'),
('88888888-0000-4000-8000-000000000003', '55555555-0000-4000-8000-000000000003', '33333333-0000-4000-8000-000000000004', 0, 0, 0, 0, 0, 0, 0, 0, 0, 0, 0, FALSE, FALSE, 'Très beau design, bravo !'),
('88888888-0000-4000-8000-000000000004', '55555555-0000-4000-8000-000000000004', '33333333-0000-4000-8000-000000000004', 1, 1, 1, 1, 1, 1, 1, 1, 1, 1, 1, FALSE, FALSE, 'Un peu fragile mais original.'),
('88888888-0000-4000-8000-000000000005', '55555555-0000-4000-8000-000000000005', '33333333-0000-4000-8000-000000000004', 2, 2, 2, 2, 2, 2, 2, 2, 2, 2, 2, TRUE, FALSE, 'Très beau design, bravo !'),
('88888888-0000-4000-8000-000000000006', '55555555-0000-4000-8000-000000000006', '33333333-0000-4000-8000-000000000004', 1, 1, 1, 1, 1, 1, 1, 1, 1, 1, 1, FALSE, TRUE, 'Un peu fragile mais original.'),
('88888888-0000-4000-8000-000000000007', '55555555-0000-4000-8000-000000000007', '33333333-0000-4000-8000-000000000004', 2, 2, 2, 2, 2, 2, 2, 2, 2, 2, 2, FALSE, FALSE, 'Très beau design, bravo !'),
('88888888-0000-4000-8000-000000000008', '55555555-0000-4000-8000-000000000008', '33333333-0000-4000-8000-000000000004', 0, 0, 0, 0, 0, 0, 0, 0, 0, 0, 0, FALSE, FALSE, 'Un peu fragile mais original.'),
('88888888-0000-4000-8000-000000000009', '55555555-0000-4000-8000-000000000009', '33333333-0000-4000-8000-000000000004', 1, 1, 1, 1, 1, 1, 1, 1, 1, 1, 1, TRUE, FALSE, 'Très beau design, bravo !'),
('88888888-0000-4000-8000-000000000010', '55555555-0000-4000-8000-000000000010', '33333333-0000-4000-8000-000000000004', 2, 2, 2, 2, 2, 2, 2, 2, 2, 2, 2, FALSE, FALSE, 'Un peu fragile mais original.'),
('88888888-0000-4000-8000-000000000011', '55555555-0000-4000-8000-000000000011', '33333333-0000-4000-8000-000000000004', 1, 1, 1, 1, 1, 1, 1, 1, 1, 1, 1, FALSE, TRUE, 'Très beau design, bravo !'),
('88888888-0000-4000-8000-000000000012', '55555555-0000-4000-8000-000000000012', '33333333-0000-4000-8000-000000000004', 2, 2, 2, 2, 2, 2, 2, 2, 2, 2, 2, FALSE, FALSE, 'Un peu fragile mais original.')
ON CONFLICT (id) DO NOTHING;

INSERT INTO scores_presentation_colleges (id, team_id, jury_id, aisance, langues, contenu, outils, bonus_suivi_ovale, bonus_connecte, observations)
VALUES
('99999999-0000-4000-8000-000000000001', '55555555-0000-4000-8000-000000000021', '33333333-0000-4000-8000-000000000004', 0, 0, 0, 0, TRUE, FALSE, 'Excellente présentation, très claire.'),
('99999999-0000-4000-8000-000000000002', '55555555-0000-4000-8000-000000000022', '33333333-0000-4000-8000-000000000004', 1, 1, 1, 1, FALSE, FALSE, 'Bon effort, mais peut mieux faire sur les outils.'),
('99999999-0000-4000-8000-000000000003', '55555555-0000-4000-8000-000000000023', '33333333-0000-4000-8000-000000000004', 2, 2, 2, 2, FALSE, FALSE, 'Bon effort, mais peut mieux faire sur les outils.'),
('99999999-0000-4000-8000-000000000004', '55555555-0000-4000-8000-000000000024', '33333333-0000-4000-8000-000000000004', 3, 3, 3, 3, TRUE, FALSE, 'Excellente présentation, très claire.'),
('99999999-0000-4000-8000-000000000005', '55555555-0000-4000-8000-000000000025', '33333333-0000-4000-8000-000000000004', 0, 0, 0, 0, FALSE, FALSE, 'Bon effort, mais peut mieux faire sur les outils.'),
('99999999-0000-4000-8000-000000000006', '55555555-0000-4000-8000-000000000026', '33333333-0000-4000-8000-000000000004', 1, 1, 1, 1, FALSE, FALSE, 'Bon effort, mais peut mieux faire sur les outils.'),
('99999999-0000-4000-8000-000000000007', '55555555-0000-4000-8000-000000000027', '33333333-0000-4000-8000-000000000004', 0, 0, 0, 0, TRUE, FALSE, 'Excellente présentation, très claire.'),
('99999999-0000-4000-8000-000000000008', '55555555-0000-4000-8000-000000000028', '33333333-0000-4000-8000-000000000004', 1, 1, 1, 1, FALSE, FALSE, 'Bon effort, mais peut mieux faire sur les outils.'),
('99999999-0000-4000-8000-000000000009', '55555555-0000-4000-8000-000000000029', '33333333-0000-4000-8000-000000000004', 2, 2, 2, 2, FALSE, FALSE, 'Bon effort, mais peut mieux faire sur les outils.'),
('99999999-0000-4000-8000-000000000010', '55555555-0000-4000-8000-000000000030', '33333333-0000-4000-8000-000000000004', 3, 3, 3, 3, TRUE, FALSE, 'Excellente présentation, très claire.'),
('99999999-0000-4000-8000-000000000011', '55555555-0000-4000-8000-000000000031', '33333333-0000-4000-8000-000000000004', 0, 0, 0, 0, FALSE, FALSE, 'Bon effort, mais peut mieux faire sur les outils.'),
('99999999-0000-4000-8000-000000000012', '55555555-0000-4000-8000-000000000032', '33333333-0000-4000-8000-000000000004', 1, 1, 1, 1, FALSE, FALSE, 'Bon effort, mais peut mieux faire sur les outils.')
ON CONFLICT (id) DO NOTHING;

INSERT INTO scores_suivi_ligne (id, team_id, jury_id, distance_pct, parcours_fini, temps_secondes, bonus_trace_1, bonus_trace_2, bonus_trace_3, bonus_trace_4, bonus_trace_5, bonus_trace_6, observations)
VALUES
('aaaaaaaa-0000-4000-8000-000000000001', '55555555-0000-4000-8000-000000000041', '33333333-0000-4000-8000-000000000004', 30, FALSE, NULL, TRUE, FALSE, FALSE, TRUE, FALSE, FALSE, 'Robot bloqué au virage 2.'),
('aaaaaaaa-0000-4000-8000-000000000002', '55555555-0000-4000-8000-000000000042', '33333333-0000-4000-8000-000000000004', 100, TRUE, 25, TRUE, TRUE, TRUE, FALSE, FALSE, FALSE, 'Super temps !'),
('aaaaaaaa-0000-4000-8000-000000000003', '55555555-0000-4000-8000-000000000043', '33333333-0000-4000-8000-000000000004', 100, TRUE, 30, TRUE, TRUE, TRUE, TRUE, FALSE, FALSE, 'Super temps !'),
('aaaaaaaa-0000-4000-8000-000000000004', '55555555-0000-4000-8000-000000000044', '33333333-0000-4000-8000-000000000004', 60, FALSE, NULL, TRUE, FALSE, FALSE, FALSE, FALSE, FALSE, 'Robot bloqué au virage 2.'),
('aaaaaaaa-0000-4000-8000-000000000005', '55555555-0000-4000-8000-000000000045', '33333333-0000-4000-8000-000000000004', 100, TRUE, 40, TRUE, TRUE, TRUE, TRUE, FALSE, FALSE, 'Super temps !'),
('aaaaaaaa-0000-4000-8000-000000000006', '55555555-0000-4000-8000-000000000046', '33333333-0000-4000-8000-000000000004', 100, TRUE, 45, TRUE, TRUE, TRUE, FALSE, FALSE, FALSE, 'Super temps !'),
('aaaaaaaa-0000-4000-8000-000000000007', '55555555-0000-4000-8000-000000000047', '33333333-0000-4000-8000-000000000004', 30, FALSE, NULL, TRUE, FALSE, FALSE, TRUE, FALSE, FALSE, 'Robot bloqué au virage 2.'),
('aaaaaaaa-0000-4000-8000-000000000008', '55555555-0000-4000-8000-000000000048', '33333333-0000-4000-8000-000000000004', 100, TRUE, 55, TRUE, TRUE, TRUE, FALSE, FALSE, FALSE, 'Super temps !'),
('aaaaaaaa-0000-4000-8000-000000000009', '55555555-0000-4000-8000-000000000049', '33333333-0000-4000-8000-000000000004', 100, TRUE, 60, TRUE, TRUE, TRUE, TRUE, FALSE, FALSE, 'Super temps !'),
('aaaaaaaa-0000-4000-8000-000000000010', '55555555-0000-4000-8000-000000000050', '33333333-0000-4000-8000-000000000004', 60, FALSE, NULL, TRUE, FALSE, FALSE, FALSE, FALSE, FALSE, 'Robot bloqué au virage 2.'),
('aaaaaaaa-0000-4000-8000-000000000011', '55555555-0000-4000-8000-000000000051', '33333333-0000-4000-8000-000000000004', 100, TRUE, 70, TRUE, TRUE, TRUE, TRUE, FALSE, FALSE, 'Super temps !'),
('aaaaaaaa-0000-4000-8000-000000000012', '55555555-0000-4000-8000-000000000052', '33333333-0000-4000-8000-000000000004', 100, TRUE, 75, TRUE, TRUE, TRUE, FALSE, FALSE, FALSE, 'Super temps !')
ON CONFLICT (id) DO NOTHING;

INSERT INTO scores_presentation_lycees (id, team_id, jury_id, repartition_temps_parole, qualite_visuel_presentation, justesse_technique, competences_linguistiques, vocabulaire_technique, dossier_technique_lv, echanges_techniques, observations)
VALUES
('bbbbbbbb-0000-4000-8000-000000000001', '55555555-0000-4000-8000-000000000101', '33333333-0000-4000-8000-000000000004', 0, 0, 0, 0, 0, 0, 0, 'Impressionnant !'),
('bbbbbbbb-0000-4000-8000-000000000002', '55555555-0000-4000-8000-000000000102', '33333333-0000-4000-8000-000000000004', 1, 1, 1, 1, 1, 1, 1, 'Bonne présentation générale.'),
('bbbbbbbb-0000-4000-8000-000000000003', '55555555-0000-4000-8000-000000000103', '33333333-0000-4000-8000-000000000004', 2, 2, 2, 2, 2, 2, 2, 'Bonne présentation générale.'),
('bbbbbbbb-0000-4000-8000-000000000004', '55555555-0000-4000-8000-000000000104', '33333333-0000-4000-8000-000000000004', 3, 3, 3, 3, 3, 3, 3, 'Bonne présentation générale.'),
('bbbbbbbb-0000-4000-8000-000000000005', '55555555-0000-4000-8000-000000000105', '33333333-0000-4000-8000-000000000004', 4, 4, 4, 4, 4, 4, 4, 'Impressionnant !'),
('bbbbbbbb-0000-4000-8000-000000000006', '55555555-0000-4000-8000-000000000106', '33333333-0000-4000-8000-000000000004', 0, 0, 0, 0, 0, 0, 0, 'Bonne présentation générale.'),
('bbbbbbbb-0000-4000-8000-000000000007', '55555555-0000-4000-8000-000000000107', '33333333-0000-4000-8000-000000000004', 1, 1, 1, 1, 1, 1, 1, 'Bonne présentation générale.'),
('bbbbbbbb-0000-4000-8000-000000000008', '55555555-0000-4000-8000-000000000108', '33333333-0000-4000-8000-000000000004', 2, 2, 2, 2, 2, 2, 2, 'Bonne présentation générale.'),
('bbbbbbbb-0000-4000-8000-000000000009', '55555555-0000-4000-8000-000000000109', '33333333-0000-4000-8000-000000000004', 3, 3, 3, 3, 3, 3, 3, 'Impressionnant !'),
('bbbbbbbb-0000-4000-8000-000000000010', '55555555-0000-4000-8000-000000000110', '33333333-0000-4000-8000-000000000004', 4, 4, 4, 4, 4, 4, 4, 'Bonne présentation générale.'),
('bbbbbbbb-0000-4000-8000-000000000011', '55555555-0000-4000-8000-000000000111', '33333333-0000-4000-8000-000000000004', 0, 0, 0, 0, 0, 0, 0, 'Bonne présentation générale.'),
('bbbbbbbb-0000-4000-8000-000000000012', '55555555-0000-4000-8000-000000000112', '33333333-0000-4000-8000-000000000004', 1, 1, 1, 1, 1, 1, 1, 'Bonne présentation générale.'),
('bbbbbbbb-0000-4000-8000-000000000013', '55555555-0000-4000-8000-000000000113', '33333333-0000-4000-8000-000000000004', 2, 2, 2, 2, 2, 2, 2, 'Impressionnant !'),
('bbbbbbbb-0000-4000-8000-000000000014', '55555555-0000-4000-8000-000000000114', '33333333-0000-4000-8000-000000000004', 3, 3, 3, 3, 3, 3, 3, 'Bonne présentation générale.'),
('bbbbbbbb-0000-4000-8000-000000000015', '55555555-0000-4000-8000-000000000115', '33333333-0000-4000-8000-000000000004', 4, 4, 4, 4, 4, 4, 4, 'Bonne présentation générale.'),
('bbbbbbbb-0000-4000-8000-000000000016', '55555555-0000-4000-8000-000000000116', '33333333-0000-4000-8000-000000000004', 0, 0, 0, 0, 0, 0, 0, 'Bonne présentation générale.'),
('bbbbbbbb-0000-4000-8000-000000000017', '55555555-0000-4000-8000-000000000117', '33333333-0000-4000-8000-000000000004', 1, 1, 1, 1, 1, 1, 1, 'Impressionnant !'),
('bbbbbbbb-0000-4000-8000-000000000018', '55555555-0000-4000-8000-000000000118', '33333333-0000-4000-8000-000000000004', 2, 2, 2, 2, 2, 2, 2, 'Bonne présentation générale.'),
('bbbbbbbb-0000-4000-8000-000000000019', '55555555-0000-4000-8000-000000000119', '33333333-0000-4000-8000-000000000004', 3, 3, 3, 3, 3, 3, 3, 'Bonne présentation générale.'),
('bbbbbbbb-0000-4000-8000-000000000020', '55555555-0000-4000-8000-000000000120', '33333333-0000-4000-8000-000000000004', 4, 4, 4, 4, 4, 4, 4, 'Bonne présentation générale.')
ON CONFLICT (id) DO NOTHING;

INSERT INTO matchs_sumo (id, edition_id, epreuve_id, team_a_id, team_b_id, poule, zone, heure_debut, statut, vainqueur_team_id, observations)
VALUES
('cccccccc-0000-4000-8000-000000000001', '11111111-0000-4000-8000-000000000001', '44444444-0000-4000-8000-000000000005', '55555555-0000-4000-8000-000000000101', '55555555-0000-4000-8000-000000000104', 'A', 'Sumo 1', '12:30:00', 'termine', '55555555-0000-4000-8000-000000000104', 'Match très disputé.'),
('cccccccc-0000-4000-8000-000000000002', '11111111-0000-4000-8000-000000000001', '44444444-0000-4000-8000-000000000005', '55555555-0000-4000-8000-000000000101', '55555555-0000-4000-8000-000000000108', 'A', 'Sumo 1', '12:30:00', 'termine', '55555555-0000-4000-8000-000000000101', 'Match très disputé.'),
('cccccccc-0000-4000-8000-000000000003', '11111111-0000-4000-8000-000000000001', '44444444-0000-4000-8000-000000000005', '55555555-0000-4000-8000-000000000101', '55555555-0000-4000-8000-000000000112', 'A', 'Sumo 1', '12:30:00', 'termine', '55555555-0000-4000-8000-000000000112', 'Match très disputé.'),
('cccccccc-0000-4000-8000-000000000004', '11111111-0000-4000-8000-000000000001', '44444444-0000-4000-8000-000000000005', '55555555-0000-4000-8000-000000000101', '55555555-0000-4000-8000-000000000117', 'A', 'Sumo 1', '12:30:00', 'termine', '55555555-0000-4000-8000-000000000101', 'Match très disputé.'),
('cccccccc-0000-4000-8000-000000000005', '11111111-0000-4000-8000-000000000001', '44444444-0000-4000-8000-000000000005', '55555555-0000-4000-8000-000000000104', '55555555-0000-4000-8000-000000000108', 'A', 'Sumo 1', '12:30:00', 'termine', '55555555-0000-4000-8000-000000000108', 'Match très disputé.'),
('cccccccc-0000-4000-8000-000000000006', '11111111-0000-4000-8000-000000000001', '44444444-0000-4000-8000-000000000005', '55555555-0000-4000-8000-000000000104', '55555555-0000-4000-8000-000000000112', 'A', 'Sumo 1', '12:30:00', 'termine', '55555555-0000-4000-8000-000000000104', 'Match très disputé.'),
('cccccccc-0000-4000-8000-000000000007', '11111111-0000-4000-8000-000000000001', '44444444-0000-4000-8000-000000000005', '55555555-0000-4000-8000-000000000104', '55555555-0000-4000-8000-000000000117', 'A', 'Sumo 1', '12:30:00', 'termine', '55555555-0000-4000-8000-000000000117', 'Match très disputé.'),
('cccccccc-0000-4000-8000-000000000008', '11111111-0000-4000-8000-000000000001', '44444444-0000-4000-8000-000000000005', '55555555-0000-4000-8000-000000000108', '55555555-0000-4000-8000-000000000112', 'A', 'Sumo 1', '12:30:00', 'termine', '55555555-0000-4000-8000-000000000112', 'Match très disputé.'),
('cccccccc-0000-4000-8000-000000000009', '11111111-0000-4000-8000-000000000001', '44444444-0000-4000-8000-000000000005', '55555555-0000-4000-8000-000000000108', '55555555-0000-4000-8000-000000000117', 'A', 'Sumo 1', '12:30:00', 'termine', '55555555-0000-4000-8000-000000000108', 'Match très disputé.'),
('cccccccc-0000-4000-8000-000000000010', '11111111-0000-4000-8000-000000000001', '44444444-0000-4000-8000-000000000005', '55555555-0000-4000-8000-000000000112', '55555555-0000-4000-8000-000000000117', 'A', 'Sumo 1', '12:30:00', 'termine', '55555555-0000-4000-8000-000000000117', 'Match très disputé.'),
('cccccccc-0000-4000-8000-000000000011', '11111111-0000-4000-8000-000000000001', '44444444-0000-4000-8000-000000000005', '55555555-0000-4000-8000-000000000102', '55555555-0000-4000-8000-000000000105', 'B', 'Sumo 2', '12:30:00', 'termine', '55555555-0000-4000-8000-000000000105', 'Match très disputé.'),
('cccccccc-0000-4000-8000-000000000012', '11111111-0000-4000-8000-000000000001', '44444444-0000-4000-8000-000000000005', '55555555-0000-4000-8000-000000000102', '55555555-0000-4000-8000-000000000109', 'B', 'Sumo 2', '12:30:00', 'termine', '55555555-0000-4000-8000-000000000102', 'Match très disputé.'),
('cccccccc-0000-4000-8000-000000000013', '11111111-0000-4000-8000-000000000001', '44444444-0000-4000-8000-000000000005', '55555555-0000-4000-8000-000000000102', '55555555-0000-4000-8000-000000000113', 'B', 'Sumo 2', '12:30:00', 'termine', '55555555-0000-4000-8000-000000000113', 'Match très disputé.'),
('cccccccc-0000-4000-8000-000000000014', '11111111-0000-4000-8000-000000000001', '44444444-0000-4000-8000-000000000005', '55555555-0000-4000-8000-000000000102', '55555555-0000-4000-8000-000000000118', 'B', 'Sumo 2', '12:30:00', 'termine', '55555555-0000-4000-8000-000000000102', 'Match très disputé.'),
('cccccccc-0000-4000-8000-000000000015', '11111111-0000-4000-8000-000000000001', '44444444-0000-4000-8000-000000000005', '55555555-0000-4000-8000-000000000105', '55555555-0000-4000-8000-000000000109', 'B', 'Sumo 2', '12:30:00', 'termine', '55555555-0000-4000-8000-000000000109', 'Match très disputé.'),
('cccccccc-0000-4000-8000-000000000016', '11111111-0000-4000-8000-000000000001', '44444444-0000-4000-8000-000000000005', '55555555-0000-4000-8000-000000000105', '55555555-0000-4000-8000-000000000113', 'B', 'Sumo 2', '12:30:00', 'termine', '55555555-0000-4000-8000-000000000105', 'Match très disputé.'),
('cccccccc-0000-4000-8000-000000000017', '11111111-0000-4000-8000-000000000001', '44444444-0000-4000-8000-000000000005', '55555555-0000-4000-8000-000000000105', '55555555-0000-4000-8000-000000000118', 'B', 'Sumo 2', '12:30:00', 'termine', '55555555-0000-4000-8000-000000000118', 'Match très disputé.'),
('cccccccc-0000-4000-8000-000000000018', '11111111-0000-4000-8000-000000000001', '44444444-0000-4000-8000-000000000005', '55555555-0000-4000-8000-000000000109', '55555555-0000-4000-8000-000000000113', 'B', 'Sumo 2', '12:30:00', 'termine', '55555555-0000-4000-8000-000000000113', 'Match très disputé.'),
('cccccccc-0000-4000-8000-000000000019', '11111111-0000-4000-8000-000000000001', '44444444-0000-4000-8000-000000000005', '55555555-0000-4000-8000-000000000109', '55555555-0000-4000-8000-000000000118', 'B', 'Sumo 2', '12:30:00', 'termine', '55555555-0000-4000-8000-000000000109', 'Match très disputé.'),
('cccccccc-0000-4000-8000-000000000020', '11111111-0000-4000-8000-000000000001', '44444444-0000-4000-8000-000000000005', '55555555-0000-4000-8000-000000000113', '55555555-0000-4000-8000-000000000118', 'B', 'Sumo 2', '12:30:00', 'termine', '55555555-0000-4000-8000-000000000118', 'Match très disputé.'),
('cccccccc-0000-4000-8000-000000000021', '11111111-0000-4000-8000-000000000001', '44444444-0000-4000-8000-000000000005', '55555555-0000-4000-8000-000000000103', '55555555-0000-4000-8000-000000000106', 'C', 'Sumo 1', '10:30:00', 'termine', '55555555-0000-4000-8000-000000000106', 'Match très disputé.'),
('cccccccc-0000-4000-8000-000000000022', '11111111-0000-4000-8000-000000000001', '44444444-0000-4000-8000-000000000005', '55555555-0000-4000-8000-000000000103', '55555555-0000-4000-8000-000000000110', 'C', 'Sumo 1', '10:30:00', 'termine', '55555555-0000-4000-8000-000000000103', 'Match très disputé.'),
('cccccccc-0000-4000-8000-000000000023', '11111111-0000-4000-8000-000000000001', '44444444-0000-4000-8000-000000000005', '55555555-0000-4000-8000-000000000103', '55555555-0000-4000-8000-000000000114', 'C', 'Sumo 1', '10:30:00', 'termine', '55555555-0000-4000-8000-000000000114', 'Match très disputé.'),
('cccccccc-0000-4000-8000-000000000024', '11111111-0000-4000-8000-000000000001', '44444444-0000-4000-8000-000000000005', '55555555-0000-4000-8000-000000000103', '55555555-0000-4000-8000-000000000119', 'C', 'Sumo 1', '10:30:00', 'termine', '55555555-0000-4000-8000-000000000103', 'Match très disputé.'),
('cccccccc-0000-4000-8000-000000000025', '11111111-0000-4000-8000-000000000001', '44444444-0000-4000-8000-000000000005', '55555555-0000-4000-8000-000000000106', '55555555-0000-4000-8000-000000000110', 'C', 'Sumo 1', '10:30:00', 'termine', '55555555-0000-4000-8000-000000000110', 'Match très disputé.'),
('cccccccc-0000-4000-8000-000000000026', '11111111-0000-4000-8000-000000000001', '44444444-0000-4000-8000-000000000005', '55555555-0000-4000-8000-000000000106', '55555555-0000-4000-8000-000000000114', 'C', 'Sumo 1', '10:30:00', 'termine', '55555555-0000-4000-8000-000000000106', 'Match très disputé.'),
('cccccccc-0000-4000-8000-000000000027', '11111111-0000-4000-8000-000000000001', '44444444-0000-4000-8000-000000000005', '55555555-0000-4000-8000-000000000106', '55555555-0000-4000-8000-000000000119', 'C', 'Sumo 1', '10:30:00', 'termine', '55555555-0000-4000-8000-000000000119', 'Match très disputé.'),
('cccccccc-0000-4000-8000-000000000028', '11111111-0000-4000-8000-000000000001', '44444444-0000-4000-8000-000000000005', '55555555-0000-4000-8000-000000000110', '55555555-0000-4000-8000-000000000114', 'C', 'Sumo 1', '10:30:00', 'termine', '55555555-0000-4000-8000-000000000114', 'Match très disputé.'),
('cccccccc-0000-4000-8000-000000000029', '11111111-0000-4000-8000-000000000001', '44444444-0000-4000-8000-000000000005', '55555555-0000-4000-8000-000000000110', '55555555-0000-4000-8000-000000000119', 'C', 'Sumo 1', '10:30:00', 'termine', '55555555-0000-4000-8000-000000000110', 'Match très disputé.'),
('cccccccc-0000-4000-8000-000000000030', '11111111-0000-4000-8000-000000000001', '44444444-0000-4000-8000-000000000005', '55555555-0000-4000-8000-000000000114', '55555555-0000-4000-8000-000000000119', 'C', 'Sumo 1', '10:30:00', 'termine', '55555555-0000-4000-8000-000000000119', 'Match très disputé.'),
('cccccccc-0000-4000-8000-000000000031', '11111111-0000-4000-8000-000000000001', '44444444-0000-4000-8000-000000000005', '55555555-0000-4000-8000-000000000107', '55555555-0000-4000-8000-000000000111', 'D', 'Sumo 2', '10:30:00', 'termine', '55555555-0000-4000-8000-000000000111', 'Match très disputé.'),
('cccccccc-0000-4000-8000-000000000032', '11111111-0000-4000-8000-000000000001', '44444444-0000-4000-8000-000000000005', '55555555-0000-4000-8000-000000000107', '55555555-0000-4000-8000-000000000115', 'D', 'Sumo 2', '10:30:00', 'termine', '55555555-0000-4000-8000-000000000107', 'Match très disputé.'),
('cccccccc-0000-4000-8000-000000000033', '11111111-0000-4000-8000-000000000001', '44444444-0000-4000-8000-000000000005', '55555555-0000-4000-8000-000000000107', '55555555-0000-4000-8000-000000000116', 'D', 'Sumo 2', '10:30:00', 'termine', '55555555-0000-4000-8000-000000000116', 'Match très disputé.'),
('cccccccc-0000-4000-8000-000000000034', '11111111-0000-4000-8000-000000000001', '44444444-0000-4000-8000-000000000005', '55555555-0000-4000-8000-000000000107', '55555555-0000-4000-8000-000000000120', 'D', 'Sumo 2', '10:30:00', 'termine', '55555555-0000-4000-8000-000000000107', 'Match très disputé.'),
('cccccccc-0000-4000-8000-000000000035', '11111111-0000-4000-8000-000000000001', '44444444-0000-4000-8000-000000000005', '55555555-0000-4000-8000-000000000111', '55555555-0000-4000-8000-000000000115', 'D', 'Sumo 2', '10:30:00', 'termine', '55555555-0000-4000-8000-000000000115', 'Match très disputé.'),
('cccccccc-0000-4000-8000-000000000036', '11111111-0000-4000-8000-000000000001', '44444444-0000-4000-8000-000000000005', '55555555-0000-4000-8000-000000000111', '55555555-0000-4000-8000-000000000116', 'D', 'Sumo 2', '10:30:00', 'termine', '55555555-0000-4000-8000-000000000111', 'Match très disputé.'),
('cccccccc-0000-4000-8000-000000000037', '11111111-0000-4000-8000-000000000001', '44444444-0000-4000-8000-000000000005', '55555555-0000-4000-8000-000000000111', '55555555-0000-4000-8000-000000000120', 'D', 'Sumo 2', '10:30:00', 'termine', '55555555-0000-4000-8000-000000000120', 'Match très disputé.'),
('cccccccc-0000-4000-8000-000000000038', '11111111-0000-4000-8000-000000000001', '44444444-0000-4000-8000-000000000005', '55555555-0000-4000-8000-000000000115', '55555555-0000-4000-8000-000000000116', 'D', 'Sumo 2', '10:30:00', 'termine', '55555555-0000-4000-8000-000000000116', 'Match très disputé.'),
('cccccccc-0000-4000-8000-000000000039', '11111111-0000-4000-8000-000000000001', '44444444-0000-4000-8000-000000000005', '55555555-0000-4000-8000-000000000115', '55555555-0000-4000-8000-000000000120', 'D', 'Sumo 2', '10:30:00', 'termine', '55555555-0000-4000-8000-000000000115', 'Match très disputé.'),
('cccccccc-0000-4000-8000-000000000040', '11111111-0000-4000-8000-000000000001', '44444444-0000-4000-8000-000000000005', '55555555-0000-4000-8000-000000000116', '55555555-0000-4000-8000-000000000120', 'D', 'Sumo 2', '10:30:00', 'termine', '55555555-0000-4000-8000-000000000120', 'Match très disputé.')
ON CONFLICT (id) DO NOTHING;

INSERT INTO rencontres_sumo (id, match_id, numero_rencontre, vainqueur_id, yuko_a, yuko_b, yusei_a, yusei_b, configuration_depart, duree_secondes, annulee, observations)
VALUES
('dddddddd-0000-4000-8000-000000000001', 'cccccccc-0000-4000-8000-000000000001', 1, '55555555-0000-4000-8000-000000000104', 0, 1, 0, 0, 'flanc_droit', 17, FALSE, NULL),
('dddddddd-0000-4000-8000-000000000002', 'cccccccc-0000-4000-8000-000000000001', 2, '55555555-0000-4000-8000-000000000101', 1, 0, 0, 0, 'dos_a_dos', 18, FALSE, NULL),
('dddddddd-0000-4000-8000-000000000003', 'cccccccc-0000-4000-8000-000000000001', 3, '55555555-0000-4000-8000-000000000104', 0, 1, 0, 0, 'flanc_droit', 19, FALSE, NULL),
('dddddddd-0000-4000-8000-000000000004', 'cccccccc-0000-4000-8000-000000000002', 1, '55555555-0000-4000-8000-000000000108', 0, 1, 0, 0, 'dos_a_dos', 18, FALSE, NULL),
('dddddddd-0000-4000-8000-000000000005', 'cccccccc-0000-4000-8000-000000000002', 2, '55555555-0000-4000-8000-000000000101', 1, 0, 0, 0, 'flanc_droit', 19, FALSE, NULL),
('dddddddd-0000-4000-8000-000000000006', 'cccccccc-0000-4000-8000-000000000002', 3, '55555555-0000-4000-8000-000000000108', 0, 1, 0, 0, 'dos_a_dos', 20, FALSE, NULL),
('dddddddd-0000-4000-8000-000000000007', 'cccccccc-0000-4000-8000-000000000003', 1, '55555555-0000-4000-8000-000000000112', 0, 1, 0, 0, 'flanc_droit', 19, FALSE, NULL),
('dddddddd-0000-4000-8000-000000000008', 'cccccccc-0000-4000-8000-000000000003', 2, '55555555-0000-4000-8000-000000000101', 1, 0, 0, 0, 'dos_a_dos', 20, FALSE, NULL),
('dddddddd-0000-4000-8000-000000000009', 'cccccccc-0000-4000-8000-000000000003', 3, '55555555-0000-4000-8000-000000000112', 0, 1, 0, 0, 'flanc_droit', 21, FALSE, NULL),
('dddddddd-0000-4000-8000-000000000010', 'cccccccc-0000-4000-8000-000000000004', 1, '55555555-0000-4000-8000-000000000117', 0, 1, 0, 0, 'dos_a_dos', 20, FALSE, NULL),
('dddddddd-0000-4000-8000-000000000011', 'cccccccc-0000-4000-8000-000000000004', 2, '55555555-0000-4000-8000-000000000101', 1, 0, 0, 0, 'flanc_droit', 21, FALSE, NULL),
('dddddddd-0000-4000-8000-000000000012', 'cccccccc-0000-4000-8000-000000000004', 3, NULL, 0, 0, 0, 0, 'dos_a_dos', NULL, TRUE, 'Problème technique'),
('dddddddd-0000-4000-8000-000000000013', 'cccccccc-0000-4000-8000-000000000005', 1, '55555555-0000-4000-8000-000000000108', 0, 1, 0, 0, 'flanc_droit', 19, FALSE, NULL),
('dddddddd-0000-4000-8000-000000000014', 'cccccccc-0000-4000-8000-000000000005', 2, '55555555-0000-4000-8000-000000000104', 1, 0, 0, 0, 'dos_a_dos', 20, FALSE, NULL),
('dddddddd-0000-4000-8000-000000000015', 'cccccccc-0000-4000-8000-000000000005', 3, '55555555-0000-4000-8000-000000000108', 0, 1, 0, 0, 'flanc_droit', 21, FALSE, NULL),
('dddddddd-0000-4000-8000-000000000016', 'cccccccc-0000-4000-8000-000000000006', 1, '55555555-0000-4000-8000-000000000112', 0, 1, 0, 0, 'dos_a_dos', 20, FALSE, NULL),
('dddddddd-0000-4000-8000-000000000017', 'cccccccc-0000-4000-8000-000000000006', 2, '55555555-0000-4000-8000-000000000104', 1, 0, 0, 0, 'flanc_droit', 21, FALSE, NULL),
('dddddddd-0000-4000-8000-000000000018', 'cccccccc-0000-4000-8000-000000000006', 3, NULL, 0, 0, 0, 0, 'dos_a_dos', NULL, TRUE, 'Problème technique'),
('dddddddd-0000-4000-8000-000000000019', 'cccccccc-0000-4000-8000-000000000007', 1, '55555555-0000-4000-8000-000000000117', 0, 1, 0, 0, 'flanc_droit', 21, FALSE, NULL),
('dddddddd-0000-4000-8000-000000000020', 'cccccccc-0000-4000-8000-000000000007', 2, '55555555-0000-4000-8000-000000000104', 1, 0, 0, 0, 'dos_a_dos', 22, FALSE, NULL),
('dddddddd-0000-4000-8000-000000000021', 'cccccccc-0000-4000-8000-000000000007', 3, '55555555-0000-4000-8000-000000000117', 0, 1, 0, 0, 'flanc_droit', 23, FALSE, NULL),
('dddddddd-0000-4000-8000-000000000022', 'cccccccc-0000-4000-8000-000000000008', 1, '55555555-0000-4000-8000-000000000112', 0, 1, 0, 0, 'flanc_droit', 21, FALSE, NULL),
('dddddddd-0000-4000-8000-000000000023', 'cccccccc-0000-4000-8000-000000000008', 2, '55555555-0000-4000-8000-000000000108', 1, 0, 0, 0, 'dos_a_dos', 22, FALSE, NULL),
('dddddddd-0000-4000-8000-000000000024', 'cccccccc-0000-4000-8000-000000000008', 3, '55555555-0000-4000-8000-000000000112', 0, 1, 0, 0, 'flanc_droit', 23, FALSE, NULL),
('dddddddd-0000-4000-8000-000000000025', 'cccccccc-0000-4000-8000-000000000009', 1, '55555555-0000-4000-8000-000000000117', 0, 1, 0, 0, 'dos_a_dos', 22, FALSE, NULL),
('dddddddd-0000-4000-8000-000000000026', 'cccccccc-0000-4000-8000-000000000009', 2, '55555555-0000-4000-8000-000000000108', 1, 0, 0, 0, 'flanc_droit', 23, FALSE, NULL),
('dddddddd-0000-4000-8000-000000000027', 'cccccccc-0000-4000-8000-000000000009', 3, '55555555-0000-4000-8000-000000000117', 0, 1, 0, 0, 'dos_a_dos', 24, FALSE, NULL),
('dddddddd-0000-4000-8000-000000000028', 'cccccccc-0000-4000-8000-000000000010', 1, '55555555-0000-4000-8000-000000000117', 0, 1, 0, 0, 'flanc_droit', 23, FALSE, NULL),
('dddddddd-0000-4000-8000-000000000029', 'cccccccc-0000-4000-8000-000000000010', 2, '55555555-0000-4000-8000-000000000112', 1, 0, 0, 0, 'dos_a_dos', 24, FALSE, NULL),
('dddddddd-0000-4000-8000-000000000030', 'cccccccc-0000-4000-8000-000000000010', 3, '55555555-0000-4000-8000-000000000117', 0, 1, 0, 0, 'flanc_droit', 25, FALSE, NULL),
('dddddddd-0000-4000-8000-000000000031', 'cccccccc-0000-4000-8000-000000000011', 1, '55555555-0000-4000-8000-000000000105', 0, 1, 0, 0, 'flanc_droit', 17, FALSE, NULL),
('dddddddd-0000-4000-8000-000000000032', 'cccccccc-0000-4000-8000-000000000011', 2, '55555555-0000-4000-8000-000000000102', 1, 0, 0, 0, 'dos_a_dos', 18, FALSE, NULL),
('dddddddd-0000-4000-8000-000000000033', 'cccccccc-0000-4000-8000-000000000011', 3, '55555555-0000-4000-8000-000000000105', 0, 1, 0, 0, 'flanc_droit', 19, FALSE, NULL),
('dddddddd-0000-4000-8000-000000000034', 'cccccccc-0000-4000-8000-000000000012', 1, '55555555-0000-4000-8000-000000000109', 0, 1, 0, 0, 'dos_a_dos', 18, FALSE, NULL),
('dddddddd-0000-4000-8000-000000000035', 'cccccccc-0000-4000-8000-000000000012', 2, '55555555-0000-4000-8000-000000000102', 1, 0, 0, 0, 'flanc_droit', 19, FALSE, NULL),
('dddddddd-0000-4000-8000-000000000036', 'cccccccc-0000-4000-8000-000000000012', 3, '55555555-0000-4000-8000-000000000109', 0, 1, 0, 0, 'dos_a_dos', 20, FALSE, NULL),
('dddddddd-0000-4000-8000-000000000037', 'cccccccc-0000-4000-8000-000000000013', 1, '55555555-0000-4000-8000-000000000113', 0, 1, 0, 0, 'flanc_droit', 19, FALSE, NULL),
('dddddddd-0000-4000-8000-000000000038', 'cccccccc-0000-4000-8000-000000000013', 2, '55555555-0000-4000-8000-000000000102', 1, 0, 0, 0, 'dos_a_dos', 20, FALSE, NULL),
('dddddddd-0000-4000-8000-000000000039', 'cccccccc-0000-4000-8000-000000000013', 3, '55555555-0000-4000-8000-000000000113', 0, 1, 0, 0, 'flanc_droit', 21, FALSE, NULL),
('dddddddd-0000-4000-8000-000000000040', 'cccccccc-0000-4000-8000-000000000014', 1, '55555555-0000-4000-8000-000000000118', 0, 1, 0, 0, 'dos_a_dos', 20, FALSE, NULL),
('dddddddd-0000-4000-8000-000000000041', 'cccccccc-0000-4000-8000-000000000014', 2, '55555555-0000-4000-8000-000000000102', 1, 0, 0, 0, 'flanc_droit', 21, FALSE, NULL),
('dddddddd-0000-4000-8000-000000000042', 'cccccccc-0000-4000-8000-000000000014', 3, NULL, 0, 0, 0, 0, 'dos_a_dos', NULL, TRUE, 'Problème technique'),
('dddddddd-0000-4000-8000-000000000043', 'cccccccc-0000-4000-8000-000000000015', 1, '55555555-0000-4000-8000-000000000109', 0, 1, 0, 0, 'flanc_droit', 19, FALSE, NULL),
('dddddddd-0000-4000-8000-000000000044', 'cccccccc-0000-4000-8000-000000000015', 2, '55555555-0000-4000-8000-000000000105', 1, 0, 0, 0, 'dos_a_dos', 20, FALSE, NULL),
('dddddddd-0000-4000-8000-000000000045', 'cccccccc-0000-4000-8000-000000000015', 3, '55555555-0000-4000-8000-000000000109', 0, 1, 0, 0, 'flanc_droit', 21, FALSE, NULL),
('dddddddd-0000-4000-8000-000000000046', 'cccccccc-0000-4000-8000-000000000016', 1, '55555555-0000-4000-8000-000000000113', 0, 1, 0, 0, 'dos_a_dos', 20, FALSE, NULL),
('dddddddd-0000-4000-8000-000000000047', 'cccccccc-0000-4000-8000-000000000016', 2, '55555555-0000-4000-8000-000000000105', 1, 0, 0, 0, 'flanc_droit', 21, FALSE, NULL),
('dddddddd-0000-4000-8000-000000000048', 'cccccccc-0000-4000-8000-000000000016', 3, NULL, 0, 0, 0, 0, 'dos_a_dos', NULL, TRUE, 'Problème technique'),
('dddddddd-0000-4000-8000-000000000049', 'cccccccc-0000-4000-8000-000000000017', 1, '55555555-0000-4000-8000-000000000118', 0, 1, 0, 0, 'flanc_droit', 21, FALSE, NULL),
('dddddddd-0000-4000-8000-000000000050', 'cccccccc-0000-4000-8000-000000000017', 2, '55555555-0000-4000-8000-000000000105', 1, 0, 0, 0, 'dos_a_dos', 22, FALSE, NULL),
('dddddddd-0000-4000-8000-000000000051', 'cccccccc-0000-4000-8000-000000000017', 3, '55555555-0000-4000-8000-000000000118', 0, 1, 0, 0, 'flanc_droit', 23, FALSE, NULL),
('dddddddd-0000-4000-8000-000000000052', 'cccccccc-0000-4000-8000-000000000018', 1, '55555555-0000-4000-8000-000000000113', 0, 1, 0, 0, 'flanc_droit', 21, FALSE, NULL),
('dddddddd-0000-4000-8000-000000000053', 'cccccccc-0000-4000-8000-000000000018', 2, '55555555-0000-4000-8000-000000000109', 1, 0, 0, 0, 'dos_a_dos', 22, FALSE, NULL),
('dddddddd-0000-4000-8000-000000000054', 'cccccccc-0000-4000-8000-000000000018', 3, '55555555-0000-4000-8000-000000000113', 0, 1, 0, 0, 'flanc_droit', 23, FALSE, NULL),
('dddddddd-0000-4000-8000-000000000055', 'cccccccc-0000-4000-8000-000000000019', 1, '55555555-0000-4000-8000-000000000118', 0, 1, 0, 0, 'dos_a_dos', 22, FALSE, NULL),
('dddddddd-0000-4000-8000-000000000056', 'cccccccc-0000-4000-8000-000000000019', 2, '55555555-0000-4000-8000-000000000109', 1, 0, 0, 0, 'flanc_droit', 23, FALSE, NULL),
('dddddddd-0000-4000-8000-000000000057', 'cccccccc-0000-4000-8000-000000000019', 3, '55555555-0000-4000-8000-000000000118', 0, 1, 0, 0, 'dos_a_dos', 24, FALSE, NULL),
('dddddddd-0000-4000-8000-000000000058', 'cccccccc-0000-4000-8000-000000000020', 1, '55555555-0000-4000-8000-000000000118', 0, 1, 0, 0, 'flanc_droit', 23, FALSE, NULL),
('dddddddd-0000-4000-8000-000000000059', 'cccccccc-0000-4000-8000-000000000020', 2, '55555555-0000-4000-8000-000000000113', 1, 0, 0, 0, 'dos_a_dos', 24, FALSE, NULL),
('dddddddd-0000-4000-8000-000000000060', 'cccccccc-0000-4000-8000-000000000020', 3, '55555555-0000-4000-8000-000000000118', 0, 1, 0, 0, 'flanc_droit', 25, FALSE, NULL),
('dddddddd-0000-4000-8000-000000000061', 'cccccccc-0000-4000-8000-000000000021', 1, '55555555-0000-4000-8000-000000000106', 0, 1, 0, 0, 'flanc_droit', 17, FALSE, NULL),
('dddddddd-0000-4000-8000-000000000062', 'cccccccc-0000-4000-8000-000000000021', 2, '55555555-0000-4000-8000-000000000103', 1, 0, 0, 0, 'dos_a_dos', 18, FALSE, NULL),
('dddddddd-0000-4000-8000-000000000063', 'cccccccc-0000-4000-8000-000000000021', 3, '55555555-0000-4000-8000-000000000106', 0, 1, 0, 0, 'flanc_droit', 19, FALSE, NULL),
('dddddddd-0000-4000-8000-000000000064', 'cccccccc-0000-4000-8000-000000000022', 1, '55555555-0000-4000-8000-000000000110', 0, 1, 0, 0, 'dos_a_dos', 18, FALSE, NULL),
('dddddddd-0000-4000-8000-000000000065', 'cccccccc-0000-4000-8000-000000000022', 2, '55555555-0000-4000-8000-000000000103', 1, 0, 0, 0, 'flanc_droit', 19, FALSE, NULL),
('dddddddd-0000-4000-8000-000000000066', 'cccccccc-0000-4000-8000-000000000022', 3, '55555555-0000-4000-8000-000000000110', 0, 1, 0, 0, 'dos_a_dos', 20, FALSE, NULL),
('dddddddd-0000-4000-8000-000000000067', 'cccccccc-0000-4000-8000-000000000023', 1, '55555555-0000-4000-8000-000000000114', 0, 1, 0, 0, 'flanc_droit', 19, FALSE, NULL),
('dddddddd-0000-4000-8000-000000000068', 'cccccccc-0000-4000-8000-000000000023', 2, '55555555-0000-4000-8000-000000000103', 1, 0, 0, 0, 'dos_a_dos', 20, FALSE, NULL),
('dddddddd-0000-4000-8000-000000000069', 'cccccccc-0000-4000-8000-000000000023', 3, '55555555-0000-4000-8000-000000000114', 0, 1, 0, 0, 'flanc_droit', 21, FALSE, NULL),
('dddddddd-0000-4000-8000-000000000070', 'cccccccc-0000-4000-8000-000000000024', 1, '55555555-0000-4000-8000-000000000119', 0, 1, 0, 0, 'dos_a_dos', 20, FALSE, NULL),
('dddddddd-0000-4000-8000-000000000071', 'cccccccc-0000-4000-8000-000000000024', 2, '55555555-0000-4000-8000-000000000103', 1, 0, 0, 0, 'flanc_droit', 21, FALSE, NULL),
('dddddddd-0000-4000-8000-000000000072', 'cccccccc-0000-4000-8000-000000000024', 3, NULL, 0, 0, 0, 0, 'dos_a_dos', NULL, TRUE, 'Problème technique'),
('dddddddd-0000-4000-8000-000000000073', 'cccccccc-0000-4000-8000-000000000025', 1, '55555555-0000-4000-8000-000000000110', 0, 1, 0, 0, 'flanc_droit', 19, FALSE, NULL),
('dddddddd-0000-4000-8000-000000000074', 'cccccccc-0000-4000-8000-000000000025', 2, '55555555-0000-4000-8000-000000000106', 1, 0, 0, 0, 'dos_a_dos', 20, FALSE, NULL),
('dddddddd-0000-4000-8000-000000000075', 'cccccccc-0000-4000-8000-000000000025', 3, '55555555-0000-4000-8000-000000000110', 0, 1, 0, 0, 'flanc_droit', 21, FALSE, NULL),
('dddddddd-0000-4000-8000-000000000076', 'cccccccc-0000-4000-8000-000000000026', 1, '55555555-0000-4000-8000-000000000114', 0, 1, 0, 0, 'dos_a_dos', 20, FALSE, NULL),
('dddddddd-0000-4000-8000-000000000077', 'cccccccc-0000-4000-8000-000000000026', 2, '55555555-0000-4000-8000-000000000106', 1, 0, 0, 0, 'flanc_droit', 21, FALSE, NULL),
('dddddddd-0000-4000-8000-000000000078', 'cccccccc-0000-4000-8000-000000000026', 3, NULL, 0, 0, 0, 0, 'dos_a_dos', NULL, TRUE, 'Problème technique'),
('dddddddd-0000-4000-8000-000000000079', 'cccccccc-0000-4000-8000-000000000027', 1, '55555555-0000-4000-8000-000000000119', 0, 1, 0, 0, 'flanc_droit', 21, FALSE, NULL),
('dddddddd-0000-4000-8000-000000000080', 'cccccccc-0000-4000-8000-000000000027', 2, '55555555-0000-4000-8000-000000000106', 1, 0, 0, 0, 'dos_a_dos', 22, FALSE, NULL),
('dddddddd-0000-4000-8000-000000000081', 'cccccccc-0000-4000-8000-000000000027', 3, '55555555-0000-4000-8000-000000000119', 0, 1, 0, 0, 'flanc_droit', 23, FALSE, NULL),
('dddddddd-0000-4000-8000-000000000082', 'cccccccc-0000-4000-8000-000000000028', 1, '55555555-0000-4000-8000-000000000114', 0, 1, 0, 0, 'flanc_droit', 21, FALSE, NULL),
('dddddddd-0000-4000-8000-000000000083', 'cccccccc-0000-4000-8000-000000000028', 2, '55555555-0000-4000-8000-000000000110', 1, 0, 0, 0, 'dos_a_dos', 22, FALSE, NULL),
('dddddddd-0000-4000-8000-000000000084', 'cccccccc-0000-4000-8000-000000000028', 3, '55555555-0000-4000-8000-000000000114', 0, 1, 0, 0, 'flanc_droit', 23, FALSE, NULL),
('dddddddd-0000-4000-8000-000000000085', 'cccccccc-0000-4000-8000-000000000029', 1, '55555555-0000-4000-8000-000000000119', 0, 1, 0, 0, 'dos_a_dos', 22, FALSE, NULL),
('dddddddd-0000-4000-8000-000000000086', 'cccccccc-0000-4000-8000-000000000029', 2, '55555555-0000-4000-8000-000000000110', 1, 0, 0, 0, 'flanc_droit', 23, FALSE, NULL),
('dddddddd-0000-4000-8000-000000000087', 'cccccccc-0000-4000-8000-000000000029', 3, '55555555-0000-4000-8000-000000000119', 0, 1, 0, 0, 'dos_a_dos', 24, FALSE, NULL),
('dddddddd-0000-4000-8000-000000000088', 'cccccccc-0000-4000-8000-000000000030', 1, '55555555-0000-4000-8000-000000000119', 0, 1, 0, 0, 'flanc_droit', 23, FALSE, NULL),
('dddddddd-0000-4000-8000-000000000089', 'cccccccc-0000-4000-8000-000000000030', 2, '55555555-0000-4000-8000-000000000114', 1, 0, 0, 0, 'dos_a_dos', 24, FALSE, NULL),
('dddddddd-0000-4000-8000-000000000090', 'cccccccc-0000-4000-8000-000000000030', 3, '55555555-0000-4000-8000-000000000119', 0, 1, 0, 0, 'flanc_droit', 25, FALSE, NULL),
('dddddddd-0000-4000-8000-000000000091', 'cccccccc-0000-4000-8000-000000000031', 1, '55555555-0000-4000-8000-000000000111', 0, 1, 0, 0, 'flanc_droit', 17, FALSE, NULL),
('dddddddd-0000-4000-8000-000000000092', 'cccccccc-0000-4000-8000-000000000031', 2, '55555555-0000-4000-8000-000000000107', 1, 0, 0, 0, 'dos_a_dos', 18, FALSE, NULL),
('dddddddd-0000-4000-8000-000000000093', 'cccccccc-0000-4000-8000-000000000031', 3, '55555555-0000-4000-8000-000000000111', 0, 1, 0, 0, 'flanc_droit', 19, FALSE, NULL),
('dddddddd-0000-4000-8000-000000000094', 'cccccccc-0000-4000-8000-000000000032', 1, '55555555-0000-4000-8000-000000000115', 0, 1, 0, 0, 'dos_a_dos', 18, FALSE, NULL),
('dddddddd-0000-4000-8000-000000000095', 'cccccccc-0000-4000-8000-000000000032', 2, '55555555-0000-4000-8000-000000000107', 1, 0, 0, 0, 'flanc_droit', 19, FALSE, NULL),
('dddddddd-0000-4000-8000-000000000096', 'cccccccc-0000-4000-8000-000000000032', 3, '55555555-0000-4000-8000-000000000115', 0, 1, 0, 0, 'dos_a_dos', 20, FALSE, NULL),
('dddddddd-0000-4000-8000-000000000097', 'cccccccc-0000-4000-8000-000000000033', 1, '55555555-0000-4000-8000-000000000116', 0, 1, 0, 0, 'flanc_droit', 19, FALSE, NULL),
('dddddddd-0000-4000-8000-000000000098', 'cccccccc-0000-4000-8000-000000000033', 2, '55555555-0000-4000-8000-000000000107', 1, 0, 0, 0, 'dos_a_dos', 20, FALSE, NULL),
('dddddddd-0000-4000-8000-000000000099', 'cccccccc-0000-4000-8000-000000000033', 3, '55555555-0000-4000-8000-000000000116', 0, 1, 0, 0, 'flanc_droit', 21, FALSE, NULL),
('dddddddd-0000-4000-8000-000000000100', 'cccccccc-0000-4000-8000-000000000034', 1, '55555555-0000-4000-8000-000000000120', 0, 1, 0, 0, 'dos_a_dos', 20, FALSE, NULL),
('dddddddd-0000-4000-8000-000000000101', 'cccccccc-0000-4000-8000-000000000034', 2, '55555555-0000-4000-8000-000000000107', 1, 0, 0, 0, 'flanc_droit', 21, FALSE, NULL),
('dddddddd-0000-4000-8000-000000000102', 'cccccccc-0000-4000-8000-000000000034', 3, NULL, 0, 0, 0, 0, 'dos_a_dos', NULL, TRUE, 'Problème technique'),
('dddddddd-0000-4000-8000-000000000103', 'cccccccc-0000-4000-8000-000000000035', 1, '55555555-0000-4000-8000-000000000115', 0, 1, 0, 0, 'flanc_droit', 19, FALSE, NULL),
('dddddddd-0000-4000-8000-000000000104', 'cccccccc-0000-4000-8000-000000000035', 2, '55555555-0000-4000-8000-000000000111', 1, 0, 0, 0, 'dos_a_dos', 20, FALSE, NULL),
('dddddddd-0000-4000-8000-000000000105', 'cccccccc-0000-4000-8000-000000000035', 3, '55555555-0000-4000-8000-000000000115', 0, 1, 0, 0, 'flanc_droit', 21, FALSE, NULL),
('dddddddd-0000-4000-8000-000000000106', 'cccccccc-0000-4000-8000-000000000036', 1, '55555555-0000-4000-8000-000000000116', 0, 1, 0, 0, 'dos_a_dos', 20, FALSE, NULL),
('dddddddd-0000-4000-8000-000000000107', 'cccccccc-0000-4000-8000-000000000036', 2, '55555555-0000-4000-8000-000000000111', 1, 0, 0, 0, 'flanc_droit', 21, FALSE, NULL),
('dddddddd-0000-4000-8000-000000000108', 'cccccccc-0000-4000-8000-000000000036', 3, NULL, 0, 0, 0, 0, 'dos_a_dos', NULL, TRUE, 'Problème technique'),
('dddddddd-0000-4000-8000-000000000109', 'cccccccc-0000-4000-8000-000000000037', 1, '55555555-0000-4000-8000-000000000120', 0, 1, 0, 0, 'flanc_droit', 21, FALSE, NULL),
('dddddddd-0000-4000-8000-000000000110', 'cccccccc-0000-4000-8000-000000000037', 2, '55555555-0000-4000-8000-000000000111', 1, 0, 0, 0, 'dos_a_dos', 22, FALSE, NULL),
('dddddddd-0000-4000-8000-000000000111', 'cccccccc-0000-4000-8000-000000000037', 3, '55555555-0000-4000-8000-000000000120', 0, 1, 0, 0, 'flanc_droit', 23, FALSE, NULL),
('dddddddd-0000-4000-8000-000000000112', 'cccccccc-0000-4000-8000-000000000038', 1, '55555555-0000-4000-8000-000000000116', 0, 1, 0, 0, 'flanc_droit', 21, FALSE, NULL),
('dddddddd-0000-4000-8000-000000000113', 'cccccccc-0000-4000-8000-000000000038', 2, '55555555-0000-4000-8000-000000000115', 1, 0, 0, 0, 'dos_a_dos', 22, FALSE, NULL),
('dddddddd-0000-4000-8000-000000000114', 'cccccccc-0000-4000-8000-000000000038', 3, '55555555-0000-4000-8000-000000000116', 0, 1, 0, 0, 'flanc_droit', 23, FALSE, NULL),
('dddddddd-0000-4000-8000-000000000115', 'cccccccc-0000-4000-8000-000000000039', 1, '55555555-0000-4000-8000-000000000120', 0, 1, 0, 0, 'dos_a_dos', 22, FALSE, NULL),
('dddddddd-0000-4000-8000-000000000116', 'cccccccc-0000-4000-8000-000000000039', 2, '55555555-0000-4000-8000-000000000115', 1, 0, 0, 0, 'flanc_droit', 23, FALSE, NULL),
('dddddddd-0000-4000-8000-000000000117', 'cccccccc-0000-4000-8000-000000000039', 3, '55555555-0000-4000-8000-000000000120', 0, 1, 0, 0, 'dos_a_dos', 24, FALSE, NULL),
('dddddddd-0000-4000-8000-000000000118', 'cccccccc-0000-4000-8000-000000000040', 1, '55555555-0000-4000-8000-000000000120', 0, 1, 0, 0, 'flanc_droit', 23, FALSE, NULL),
('dddddddd-0000-4000-8000-000000000119', 'cccccccc-0000-4000-8000-000000000040', 2, '55555555-0000-4000-8000-000000000116', 1, 0, 0, 0, 'dos_a_dos', 24, FALSE, NULL),
('dddddddd-0000-4000-8000-000000000120', 'cccccccc-0000-4000-8000-000000000040', 3, '55555555-0000-4000-8000-000000000120', 0, 1, 0, 0, 'flanc_droit', 25, FALSE, NULL)
ON CONFLICT (id) DO NOTHING;

INSERT INTO notifications (id, profile_id, titre, message, type, lu)
VALUES
('eeeeeeee-0000-4000-8000-000000000001', '33333333-0000-4000-8000-000000000001', 'Bienvenue sur TechnoBot', 'Le système est prêt pour l''édition 2026.', 'info', FALSE),
('eeeeeeee-0000-4000-8000-000000000002', '33333333-0000-4000-8000-000000000002', 'Alerte Planning', 'Retard sur la zone Sumo 1.', 'alerte', TRUE),
('eeeeeeee-0000-4000-8000-000000000003', '33333333-0000-4000-8000-000000000004', 'Nouveaux scores enregistrés', 'Les scores de l''équipe SL04 ont été validés.', 'resultat', FALSE)
ON CONFLICT (id) DO NOTHING;

